ýd,city,age,education,monthlyýncome,vote
0,tokat,28,ilkokul,8750,zp
1,erzincan,24,ilkokul,8750,bbp
2,van,46,ortaokul,8750,mp
3,erzurum,43,ortaokul,8750,deva
4,erzurum,40,lisans,5500,mp
5,diyarbakir,26,lise,9000,chp
6,ýzmir,48,ilkokul,7500,akp
7,cankiri,55,ortaokul,5500,zp
8,karaman,38,ilkokul,12000,deva
9,duzce,18,ilkokul,5500,dp
10,erzincan,68,lise,5500,zp
11,agri,64,ilkokul,5500,chp
12,usak,31,lise,8750,akp
13,kahramanmaras,63,ilkokul,5500,mp
14,duzce,41,lisans,5500,akp
15,afyonkarahisar,37,ortaokul,12000,zp
16,eskisehir,36,lise,5500,chp
17,batman,20,lise,9000,chp
18,ankara,56,ortaokul,5500,zp
19,ýstanbul,67,ortaokul,5500,mp
20,manisa,33,ilkokul,7500,akp
21,corum,29,lisans,7500,akp
22,ardahan,22,lise,7500,chp
23,kirsehir,19,ortaokul,8750,akp
24,tokat,39,ortaokul,8750,chp
25,canakkale,32,ortaokul,9000,ip
26,kirsehir,45,ilkokul,9000,ip
27,antalya,50,lise,8750,zp
28,osmaniye,60,ilkokul,7500,mhp
29,duzce,51,ortaokul,9000,akp
30,hakkâri,30,ortaokul,5500,akp
31,ýzmir,23,ilkokul,5500,chp
32,balikesir,57,ilkokul,8750,deva
33,ýsparta,49,lise,7500,akp
34,konya,27,lisans,8750,mhp
35,tunceli,69,ortaokul,12000,mp
36,hakkâri,34,lise,5500,zp
37,denizli,59,ilkokul,12000,bbp
38,ýgdir,35,lisans,5500,mhp
39,erzurum,53,lise,5500,mhp
40,kars,54,lisans,5500,bbp
41,tokat,52,ilkokul,5500,zp
42,kutahya,47,lise,8750,deva
43,ýsparta,58,lisans,7500,akp
44,sakarya,65,ortaokul,5500,mp
45,eskisehir,66,lisans,8750,akp
46,bitlis,62,ilkokul,5500,dp
47,kilis,42,lise,9000,zp
48,malatya,44,ilkokul,7500,zp
49,kutahya,61,ilkokul,5500,akp
50,balikesir,50,ortaokul,12000,bbp
51,diyarbakir,25,lisans,5500,zp
52,kahramanmaras,59,lisans,7500,chp
53,konya,70,ortaokul,7500,sp
54,ýzmir,71,ortaokul,8750,mp
55,malatya,29,ortaokul,5500,ip
56,mugla,55,lise,8750,mp
57,gaziantep,30,lisans,7500,chp
58,siirt,56,lise,5500,mp
59,erzincan,43,ortaokul,5500,akp
60,kahramanmaras,35,ortaokul,12000,sp
61,kirsehir,37,lise,7500,ip
62,kahramanmaras,35,ortaokul,5500,akp
63,kocaeli,28,lisans,5500,mhp
64,sakarya,54,ortaokul,5500,zp
65,sirnak,58,ilkokul,9000,mhp
66,tokat,51,lise,5500,akp
67,batman,43,lisans,5500,zp
68,nevsehir,74,lise,8750,akp
69,bolu,27,ortaokul,5500,dp
70,corum,31,ilkokul,5500,akp
71,hakkari,50,lisans,8750,zp
72,ýzmir,57,ortaokul,7500,zp
73,mugla,36,ilkokul,12000,mhp
74,karabuk,43,ilkokul,8750,chp
75,amasya,35,lisans,9000,dp
76,erzincan,56,lisans,8750,mhp
77,kars,22,lise,5500,deva
78,mardin,28,lise,8750,akp
79,adiyaman,33,ilkokul,12000,akp
80,denizli,27,ortaokul,5500,akp
81,kastamonu,72,lisans,12000,mhp
82,ankara,25,ilkokul,5500,sp
83,kirklareli,48,ortaokul,5500,dp
84,antalya,44,lisans,5500,bbp
85,yalova,57,ortaokul,5500,chp
86,adiyaman,74,ortaokul,5500,zp
87,afyonkarahisar,23,lisans,12000,zp
88,burdur,67,lise,7500,mp
89,trabzon,38,ortaokul,9000,dp
90,bartin,56,ilkokul,8750,bbp
91,yalova,28,ilkokul,12000,zp
92,erzincan,69,ilkokul,8750,mp
93,sirnak,58,lisans,5500,akp
94,mugla,18,lisans,12000,ip
95,bitlis,75,ilkokul,5500,ip
96,denizli,61,ortaokul,8750,akp
97,hatay,38,lisans,8750,chp
98,giresun,51,lisans,12000,akp
99,erzurum,72,lise,9000,mhp
100,samsun,39,ortaokul,8750,zp
101,adana,38,lise,8750,mp
102,samsun,59,ortaokul,12000,deva
103,trabzon,49,ortaokul,5500,akp
104,aydin,19,lise,8750,bbp
105,bayburt,25,lise,7500,akp
106,mersin,25,ortaokul,5500,chp
107,amasya,51,lise,5500,ip
108,tunceli,63,ilkokul,7500,akp
109,duzce,73,ilkokul,9000,akp
110,kayseri,39,ilkokul,5500,zp
111,mus,30,lisans,7500,akp
112,mersin,32,ilkokul,8750,sp
113,hakkari,28,ilkokul,9000,deva
114,sinop,54,ortaokul,8750,akp
115,yalova,29,ortaokul,12000,chp
116,hakkari,25,ilkokul,7500,mhp
117,ýstanbul,56,ilkokul,5500,zp
118,nevsehir,74,lisans,5500,ip
119,eskisehir,56,ortaokul,9000,zp
120,sakarya,68,ilkokul,9000,bbp
121,kirsehir,47,lise,5500,akp
122,ordu,33,lisans,12000,akp
123,batman,68,lisans,8750,zp
124,eskisehir,28,ilkokul,12000,mp
125,mardin,32,lisans,5500,zp
126,karabuk,29,lise,8750,akp
127,van,27,ortaokul,5500,sp
128,samsun,35,ilkokul,5500,zp
129,hakkari,24,ilkokul,7500,mp
130,balikesir,27,ortaokul,9000,ip
131,adiyaman,62,ilkokul,9000,akp
132,kastamonu,53,ilkokul,5500,zp
133,duzce,67,ilkokul,5500,akp
134,artvin,73,ilkokul,7500,mp
135,sirnak,48,lise,5500,akp
136,nigde,39,lise,7500,zp
137,adana,31,ortaokul,12000,zp
138,eskisehir,71,lisans,8750,akp
139,mus,30,ilkokul,5500,ip
140,balikesir,54,ilkokul,5500,zp
141,manisa,62,lisans,7500,akp
142,bolu,62,ortaokul,7500,chp
143,mersin,29,lisans,7500,mhp
144,ardahan,66,lise,12000,akp
145,trabzon,58,lise,9000,ip
146,afyonkarahisar,72,lisans,5500,mhp
147,sinop,31,ilkokul,5500,mp
148,tunceli,44,ortaokul,12000,deva
149,sivas,72,lisans,5500,mp
150,corum,57,lise,12000,mp
151,kars,26,ortaokul,5500,chp
152,sinop,42,lise,7500,zp
153,ardahan,31,ilkokul,5500,chp
154,bartin,39,lisans,5500,zp
155,afyonkarahisar,27,lisans,9000,mhp
156,nevsehir,60,lise,9000,bbp
157,hatay,46,ortaokul,7500,zp
158,kilis,32,lise,9000,mp
159,ýgdir,32,ortaokul,9000,dp
160,erzurum,72,ortaokul,8750,akp
161,sakarya,45,ortaokul,12000,dp
162,batman,56,lisans,8750,deva
163,ýstanbul,24,ortaokul,9000,zp
164,nigde,40,lisans,5500,akp
165,burdur,46,lise,12000,mp
166,antalya,35,lisans,8750,akp
167,bursa,33,lisans,5500,zp
168,amasya,46,ortaokul,5500,mp
169,hatay,23,lise,5500,chp
170,bingol,52,ortaokul,7500,zp
171,burdur,22,lisans,8750,chp
172,afyonkarahisar,53,lise,5500,sp
173,bursa,73,ortaokul,8750,ip
174,tokat,67,lise,5500,mp
175,diyarbakir,43,ilkokul,8750,zp
176,mugla,33,ortaokul,7500,akp
177,artvin,32,ortaokul,5500,chp
178,tokat,27,lisans,7500,akp
179,bitlis,64,lise,5500,zp
180,edirne,20,ortaokul,9000,mhp
181,balikesir,22,lisans,8750,chp
182,bartin,32,lisans,7500,deva
183,gaziantep,34,lise,5500,mp
184,kilis,19,lisans,8750,akp
185,kirikkale,31,ilkokul,5500,akp
186,ýgdir,48,ilkokul,7500,mp
187,ýgdir,41,ortaokul,5500,chp
188,nigde,63,lise,5500,akp
189,aydin,55,lise,7500,mp
190,rize,35,ortaokul,5500,zp
191,ýsparta,74,ilkokul,7500,ip
192,sivas,50,lise,5500,zp
193,batman,28,ortaokul,5500,ip
194,hakkari,18,lise,5500,akp
195,canakkale,23,lise,5500,akp
196,tunceli,59,lisans,5500,zp
197,kars,24,ilkokul,5500,chp
198,tekirdag,55,lisans,5500,akp
199,ankara,67,lise,7500,mhp
200,karabuk,64,lise,8750,akp
201,sanliurfa,64,ortaokul,7500,mhp
202,elazig,49,ortaokul,7500,akp
203,hakkari,33,ilkokul,7500,chp
204,giresun,73,lisans,7500,chp
205,corum,62,lise,5500,akp
206,eskisehir,60,ortaokul,12000,mp
207,aydin,48,lise,9000,deva
208,rize,74,ortaokul,5500,mhp
209,mus,18,lise,5500,mp
210,ýsparta,55,lisans,5500,akp
211,hatay,63,ilkokul,5500,akp
212,balikesir,58,lisans,9000,mp
213,ýstanbul,19,lisans,5500,zp
214,samsun,21,lisans,8750,dp
215,kars,46,ortaokul,5500,ip
216,amasya,66,ortaokul,5500,sp
217,yozgat,48,ortaokul,8750,chp
218,ýgdir,71,lisans,8750,zp
219,ýzmir,51,lisans,5500,akp
220,siirt,23,ilkokul,12000,mp
221,hakkari,35,ilkokul,5500,mp
222,hatay,46,ilkokul,9000,zp
223,ardahan,39,lisans,7500,sp
224,karabuk,43,ortaokul,8750,akp
225,mersin,30,ilkokul,9000,mp
226,afyonkarahisar,64,ortaokul,8750,chp
227,erzincan,69,lisans,9000,mhp
228,gaziantep,36,ilkokul,5500,akp
229,kahramanmaras,31,ilkokul,5500,akp
230,gumushane,67,lise,7500,mp
231,konya,61,lise,7500,bbp
232,yalova,69,ilkokul,9000,mp
233,sanliurfa,18,ortaokul,7500,mp
234,erzurum,57,ortaokul,5500,bbp
235,konya,39,lisans,5500,ip
236,aksaray,27,lise,5500,akp
237,kahramanmaras,24,lisans,5500,akp
238,erzincan,74,ilkokul,8750,ip
239,batman,33,ilkokul,5500,akp
240,agri,46,ortaokul,7500,mhp
241,trabzon,28,ilkokul,5500,chp
242,malatya,46,ortaokul,12000,chp
243,bilecik,48,lise,5500,mhp
244,kirikkale,42,ilkokul,5500,ip
245,karaman,65,ilkokul,8750,akp
246,adana,57,ortaokul,5500,akp
247,elazig,32,ortaokul,5500,zp
248,bayburt,54,lise,5500,zp
249,balikesir,24,ortaokul,9000,akp
250,ýzmir,74,ortaokul,12000,zp
251,trabzon,38,lisans,8750,deva
252,mersin,69,ilkokul,7500,dp
253,diyarbakir,58,ilkokul,5500,akp
254,gumushane,71,lise,8750,mp
255,bayburt,19,ortaokul,5500,akp
256,denizli,20,ilkokul,9000,akp
257,aydin,33,lise,8750,zp
258,yalova,71,lisans,8750,mp
259,ýsparta,40,ilkokul,5500,chp
260,hatay,48,lisans,8750,zp
261,kahramanmaras,28,ilkokul,8750,akp
262,zonguldak,31,ilkokul,5500,akp
263,elazig,74,lise,8750,zp
264,kayseri,48,lisans,8750,mhp
265,kocaeli,67,lisans,7500,zp
266,hatay,59,lise,7500,zp
267,diyarbakir,35,ilkokul,9000,akp
268,sirnak,23,ortaokul,8750,mp
269,zonguldak,22,lise,12000,akp
270,aksaray,46,lisans,5500,akp
271,diyarbakir,50,lisans,5500,deva
272,sinop,73,lise,7500,chp
273,artvin,51,ortaokul,5500,sp
274,burdur,56,lisans,7500,bbp
275,rize,44,ilkokul,7500,chp
276,diyarbakir,55,ilkokul,8750,akp
277,afyonkarahisar,68,lisans,12000,chp
278,karabuk,29,ortaokul,9000,mhp
279,edirne,58,lise,8750,ip
280,bartin,73,ilkokul,5500,chp
281,sirnak,39,ilkokul,5500,chp
282,burdur,37,ortaokul,12000,akp
283,kirklareli,23,ilkokul,5500,zp
284,kutahya,61,ortaokul,12000,akp
285,diyarbakir,21,ortaokul,7500,mp
286,gaziantep,21,lise,7500,chp
287,elazig,24,lise,8750,zp
288,ankara,56,ortaokul,9000,akp
289,gumushane,67,lisans,5500,akp
290,mardin,44,ilkokul,8750,dp
291,rize,75,lisans,5500,ip
292,eskisehir,52,ortaokul,8750,mp
293,mus,20,ilkokul,5500,mp
294,gumushane,52,lise,5500,chp
295,hatay,20,lise,7500,akp
296,gaziantep,31,ilkokul,5500,mp
297,adiyaman,32,ilkokul,5500,mp
298,sivas,37,lise,7500,zp
299,yozgat,71,ilkokul,5500,mhp
300,agri,24,lise,9000,mhp
301,giresun,50,ilkokul,5500,zp
302,mugla,30,ortaokul,5500,mhp
303,ýstanbul,28,lise,5500,mp
304,bilecik,60,ortaokul,8750,akp
305,karaman,51,ortaokul,9000,mhp
306,amasya,20,lise,5500,akp
307,zonguldak,55,lise,12000,ip
308,sirnak,56,ilkokul,8750,chp
309,bilecik,56,lise,8750,mhp
310,sirnak,42,lise,12000,akp
311,samsun,33,lisans,5500,mp
312,bursa,72,lisans,5500,mp
313,balikesir,59,lise,8750,chp
314,konya,49,ortaokul,12000,akp
315,hakkari,32,lisans,12000,zp
316,nevsehir,45,lisans,5500,bbp
317,cankiri,63,lise,8750,akp
318,nevsehir,70,ilkokul,12000,mp
319,nigde,63,ilkokul,5500,mhp
320,ankara,52,lise,8750,chp
321,artvin,68,lise,12000,sp
322,van,42,ortaokul,7500,akp
323,canakkale,27,ortaokul,5500,sp
324,canakkale,70,ortaokul,7500,mp
325,duzce,36,ilkokul,9000,zp
326,ordu,36,ilkokul,5500,akp
327,sakarya,21,ilkokul,9000,mp
328,ýsparta,24,lise,5500,akp
329,yozgat,39,ortaokul,7500,zp
330,ordu,69,lise,8750,zp
331,sirnak,38,lise,12000,mp
332,aydin,73,ilkokul,9000,zp
333,hakkari,38,lisans,5500,sp
334,mugla,67,ortaokul,7500,akp
335,ýsparta,65,ilkokul,7500,chp
336,usak,71,lisans,12000,akp
337,usak,30,ilkokul,5500,akp
338,adana,39,lisans,5500,akp
339,yozgat,33,ortaokul,8750,ip
340,gaziantep,21,lise,5500,akp
341,kirklareli,24,ilkokul,8750,zp
342,kars,23,ortaokul,5500,chp
343,nigde,44,lise,5500,bbp
344,giresun,71,ortaokul,12000,zp
345,bolu,40,ilkokul,5500,dp
346,giresun,64,ortaokul,12000,bbp
347,artvin,74,lise,5500,akp
348,manisa,69,ortaokul,5500,dp
349,agri,41,lisans,7500,ip
350,ýgdir,51,lise,7500,zp
351,gumushane,31,lisans,8750,bbp
352,yozgat,46,ilkokul,8750,mp
353,hatay,38,lisans,5500,mp
354,kars,70,lise,5500,mhp
355,sirnak,19,ortaokul,7500,zp
356,kirsehir,28,ilkokul,5500,sp
357,manisa,26,ortaokul,5500,zp
358,yozgat,40,lise,5500,zp
359,batman,70,lisans,5500,chp
360,duzce,35,ortaokul,5500,mp
361,adana,71,lise,8750,akp
362,adiyaman,42,ortaokul,12000,ip
363,nevsehir,50,lisans,7500,akp
364,kayseri,59,ilkokul,5500,sp
365,karabuk,46,lisans,5500,mhp
366,mugla,21,lise,8750,mp
367,kilis,32,ilkokul,5500,deva
368,trabzon,27,ilkokul,7500,mp
369,kirsehir,62,lise,7500,deva
370,tokat,38,lisans,5500,mp
371,gumushane,55,ilkokul,8750,chp
372,nevsehir,23,ortaokul,5500,akp
373,usak,56,ortaokul,7500,mp
374,yozgat,29,lise,5500,akp
375,bingol,49,ilkokul,7500,mhp
376,nigde,29,lisans,7500,chp
377,mardin,40,lise,5500,mhp
378,osmaniye,26,lise,12000,chp
379,yozgat,71,ilkokul,5500,chp
380,diyarbakir,20,lise,9000,mhp
381,canakkale,38,lise,8750,akp
382,aydin,35,lisans,5500,sp
383,aydin,44,ilkokul,5500,mp
384,kahramanmaras,39,ilkokul,7500,zp
385,konya,51,lise,5500,zp
386,artvin,36,lise,5500,zp
387,ýsparta,20,lise,12000,dp
388,kirklareli,59,ortaokul,8750,chp
389,kutahya,67,lise,12000,zp
390,sanliurfa,60,lisans,5500,akp
391,ardahan,27,ortaokul,5500,akp
392,yalova,37,lise,12000,akp
393,mugla,54,ortaokul,5500,mp
394,cankiri,49,ortaokul,9000,dp
395,kars,22,lise,9000,bbp
396,erzincan,36,lise,5500,zp
397,kutahya,58,ortaokul,5500,akp
398,batman,63,ortaokul,5500,zp
399,kars,71,ortaokul,5500,deva
400,tunceli,62,lise,7500,mhp
401,nigde,30,lisans,5500,mp
402,amasya,75,ortaokul,5500,dp
403,mus,72,ortaokul,5500,ip
404,sanliurfa,69,lise,8750,dp
405,ordu,47,lisans,7500,ip
406,manisa,35,ortaokul,5500,chp
407,hatay,40,lisans,8750,chp
408,edirne,68,lisans,9000,akp
409,bingol,31,lisans,5500,sp
410,mugla,18,ortaokul,9000,zp
411,diyarbakir,29,ortaokul,5500,zp
412,yalova,26,ortaokul,5500,mhp
413,yozgat,56,ortaokul,5500,chp
414,erzurum,28,ilkokul,7500,mhp
415,mus,26,ortaokul,5500,chp
416,kirikkale,74,lisans,5500,ip
417,ýsparta,38,ilkokul,12000,akp
418,kutahya,34,lisans,5500,mhp
419,ordu,71,ortaokul,8750,akp
420,sanliurfa,47,lise,8750,zp
421,agri,47,lise,5500,mp
422,yozgat,39,lise,7500,zp
423,burdur,68,lise,5500,akp
424,ankara,37,lise,5500,zp
425,kocaeli,64,ortaokul,9000,zp
426,afyonkarahisar,61,lisans,9000,zp
427,burdur,19,lisans,5500,zp
428,erzincan,21,ilkokul,12000,zp
429,sakarya,70,lise,7500,zp
430,bingol,67,ilkokul,5500,akp
431,adiyaman,55,lise,8750,mp
432,kars,18,lise,8750,mhp
433,kayseri,34,lisans,5500,mp
434,kirklareli,35,ilkokul,7500,chp
435,gaziantep,30,lisans,8750,zp
436,ýsparta,40,ortaokul,5500,chp
437,manisa,68,lisans,5500,zp
438,cankiri,35,lise,9000,zp
439,kastamonu,52,ilkokul,12000,akp
440,balikesir,20,ortaokul,5500,akp
441,mus,34,lise,5500,ip
442,kutahya,52,lise,7500,zp
443,mus,62,ortaokul,7500,akp
444,burdur,29,ilkokul,7500,bbp
445,kahramanmaras,26,ortaokul,9000,ip
446,bilecik,74,ilkokul,5500,zp
447,karabuk,29,lise,5500,akp
448,bilecik,55,ortaokul,8750,zp
449,bilecik,33,lisans,7500,zp
450,ýstanbul,30,lise,5500,akp
451,balikesir,41,ilkokul,5500,mhp
452,kahramanmaras,59,lise,5500,akp
453,osmaniye,46,lisans,5500,chp
454,mersin,43,ortaokul,5500,zp
455,yozgat,66,ilkokul,8750,chp
456,kutahya,67,lisans,5500,deva
457,aydin,38,lise,5500,mp
458,mersin,29,lise,5500,chp
459,karabuk,54,lisans,5500,chp
460,mugla,23,lise,7500,ip
461,manisa,35,ortaokul,12000,zp
462,ýstanbul,46,lisans,8750,akp
463,mersin,20,lisans,9000,mp
464,kirikkale,43,ortaokul,8750,akp
465,rize,62,ortaokul,5500,sp
466,mardin,22,lisans,8750,akp
467,diyarbakir,63,lise,5500,akp
468,edirne,23,ortaokul,8750,mp
469,tekirdag,39,lisans,8750,zp
470,canakkale,22,lise,8750,akp
471,trabzon,37,ilkokul,5500,akp
472,mugla,20,ortaokul,12000,akp
473,corum,38,ilkokul,12000,chp
474,adiyaman,69,lisans,8750,chp
475,eskisehir,61,lise,7500,zp
476,batman,29,ortaokul,5500,akp
477,nigde,54,lise,5500,zp
478,eskisehir,48,ilkokul,8750,akp
479,zonguldak,64,ortaokul,8750,mp
480,burdur,33,lisans,5500,dp
481,mardin,62,lisans,5500,akp
482,siirt,69,lisans,5500,mhp
483,bayburt,22,ortaokul,7500,zp
484,gumushane,20,ilkokul,5500,akp
485,erzurum,34,lisans,5500,chp
486,adiyaman,33,lisans,5500,akp
487,kilis,21,lise,8750,mp
488,yalova,67,ilkokul,9000,zp
489,mardin,66,ilkokul,5500,bbp
490,giresun,39,ortaokul,5500,akp
491,hatay,23,ilkokul,7500,chp
492,malatya,50,ortaokul,8750,mp
493,canakkale,73,ilkokul,7500,akp
494,mus,34,ilkokul,5500,zp
495,bolu,27,lisans,7500,zp
496,yozgat,57,lisans,8750,zp
497,yalova,19,lisans,5500,zp
498,aksaray,69,lise,5500,akp
499,sanliurfa,20,ilkokul,9000,akp
500,giresun,26,lisans,8750,zp
501,erzincan,57,ilkokul,7500,zp
502,rize,31,ortaokul,8750,bbp
503,antalya,22,lisans,5500,akp
504,gaziantep,48,ilkokul,7500,chp
505,aksaray,45,lisans,5500,ip
506,adiyaman,72,ortaokul,9000,dp
507,kilis,39,lisans,5500,akp
508,ankara,55,lisans,5500,mp
509,siirt,66,ortaokul,9000,ip
510,bitlis,32,lise,5500,dp
511,karaman,42,ortaokul,9000,mhp
512,canakkale,63,lisans,12000,akp
513,adana,39,ilkokul,9000,zp
514,duzce,56,ilkokul,5500,ip
515,duzce,33,ortaokul,5500,akp
516,batman,68,lisans,9000,akp
517,osmaniye,74,lisans,5500,zp
518,amasya,67,ilkokul,7500,zp
519,mersin,41,lise,5500,akp
520,bolu,60,ilkokul,5500,akp
521,denizli,70,lisans,12000,chp
522,kocaeli,28,lise,7500,akp
523,bolu,29,ortaokul,5500,mhp
524,agri,58,ortaokul,5500,zp
525,hakkari,29,lise,5500,zp
526,erzincan,29,ortaokul,5500,ip
527,duzce,24,lise,9000,akp
528,duzce,51,lise,5500,akp
529,samsun,30,ilkokul,7500,chp
530,bayburt,41,ilkokul,8750,mp
531,van,48,lise,7500,ip
532,tokat,26,ilkokul,7500,dp
533,siirt,46,ortaokul,8750,zp
534,diyarbakir,38,ilkokul,5500,akp
535,karabuk,46,ilkokul,8750,deva
536,eskisehir,18,ortaokul,5500,sp
537,amasya,67,lise,5500,akp
538,tokat,60,lisans,9000,ip
539,hatay,68,lise,7500,akp
540,diyarbakir,29,ilkokul,9000,mp
541,denizli,30,ortaokul,5500,mp
542,nigde,44,lise,7500,akp
543,corum,74,ortaokul,8750,akp
544,amasya,66,lisans,5500,zp
545,bolu,25,ortaokul,8750,chp
546,tunceli,62,lisans,8750,mp
547,artvin,50,ilkokul,8750,akp
548,yalova,71,ilkokul,8750,bbp
549,burdur,65,ilkokul,5500,mhp
550,batman,35,lise,5500,mp
551,kayseri,31,lise,7500,akp
552,kocaeli,20,lisans,8750,chp
553,aydin,32,ilkokul,5500,akp
554,ýsparta,47,lise,5500,zp
555,bitlis,49,lise,12000,mhp
556,gumushane,23,lise,9000,mp
557,afyonkarahisar,53,ilkokul,5500,akp
558,tunceli,64,ortaokul,12000,akp
559,bingol,20,ortaokul,5500,zp
560,ordu,47,lise,7500,chp
561,sirnak,29,ilkokul,7500,akp
562,kocaeli,50,ortaokul,7500,chp
563,elazig,34,lise,8750,zp
564,osmaniye,72,ilkokul,5500,akp
565,ardahan,54,ilkokul,5500,sp
566,elazig,32,lise,7500,zp
567,bitlis,53,lisans,8750,akp
568,kirsehir,42,ortaokul,9000,akp
569,manisa,23,ortaokul,5500,mp
570,mardin,24,lisans,9000,mp
571,eskisehir,65,ortaokul,5500,akp
572,yalova,50,lise,7500,akp
573,mugla,45,lisans,12000,zp
574,denizli,37,ortaokul,7500,akp
575,bingol,60,lise,5500,chp
576,denizli,50,ilkokul,8750,chp
577,bursa,48,ilkokul,5500,mhp
578,agri,21,lise,5500,mp
579,ýstanbul,26,lisans,8750,akp
580,hakkari,25,ortaokul,12000,dp
581,erzurum,75,lise,5500,akp
582,cankiri,71,ortaokul,8750,chp
583,manisa,72,ortaokul,12000,mp
584,ankara,27,lise,5500,akp
585,gumushane,31,lisans,12000,zp
586,usak,35,lisans,9000,akp
587,elazig,42,lisans,12000,dp
588,sanliurfa,19,ilkokul,5500,bbp
589,burdur,69,lise,9000,chp
590,corum,70,lisans,7500,akp
591,ordu,24,lise,5500,akp
592,batman,69,ilkokul,5500,zp
593,diyarbakir,71,lisans,8750,bbp
594,bitlis,55,lisans,5500,mp
595,giresun,70,lisans,9000,zp
596,kilis,71,lisans,9000,mp
597,tokat,30,lise,7500,zp
598,sirnak,69,ortaokul,5500,akp
599,sanliurfa,68,ilkokul,9000,dp
600,diyarbakir,23,lise,7500,zp
601,sirnak,26,ilkokul,8750,zp
602,kirikkale,43,lisans,9000,bbp
603,kirklareli,72,lisans,7500,chp
604,mersin,56,lisans,8750,zp
605,cankiri,48,ilkokul,7500,zp
606,cankiri,65,lise,12000,bbp
607,tekirdag,75,ortaokul,7500,mp
608,bayburt,25,ilkokul,7500,chp
609,eskisehir,74,lise,5500,sp
610,sanliurfa,57,ilkokul,8750,akp
611,tunceli,61,ortaokul,7500,akp
612,zonguldak,61,lise,12000,zp
613,siirt,19,ortaokul,8750,sp
614,mus,53,ortaokul,8750,akp
615,bingol,56,ilkokul,7500,deva
616,siirt,57,ortaokul,5500,akp
617,agri,63,ilkokul,8750,zp
618,bartin,36,ortaokul,5500,akp
619,sivas,68,ortaokul,12000,bbp
620,kirklareli,32,ortaokul,8750,mp
621,yozgat,48,lise,5500,zp
622,kilis,43,lisans,8750,akp
623,bartin,54,ortaokul,12000,chp
624,adana,54,lise,8750,chp
625,corum,22,lise,7500,chp
626,mugla,38,lise,5500,akp
627,trabzon,31,lisans,12000,akp
628,diyarbakir,47,ilkokul,8750,akp
629,erzurum,61,lisans,7500,sp
630,kirklareli,53,lise,12000,ip
631,erzincan,35,lise,8750,akp
632,kirikkale,69,lise,7500,zp
633,denizli,68,lisans,9000,dp
634,diyarbakir,38,lise,8750,ip
635,kirklareli,47,ortaokul,5500,mp
636,erzurum,49,lisans,5500,deva
637,van,36,ilkokul,12000,mhp
638,hakkari,44,lisans,7500,chp
639,balikesir,22,ilkokul,5500,sp
640,sakarya,75,ortaokul,8750,zp
641,ýsparta,48,lisans,8750,ip
642,hakkari,47,ortaokul,5500,bbp
643,elazig,23,lisans,7500,chp
644,nigde,40,lisans,5500,deva
645,hakkari,32,lisans,5500,akp
646,ordu,71,ortaokul,5500,akp
647,kirsehir,60,lisans,9000,zp
648,ankara,51,ilkokul,12000,zp
649,bartin,68,ortaokul,5500,zp
650,duzce,63,lisans,12000,mp
651,corum,69,ilkokul,8750,chp
652,gumushane,75,ilkokul,8750,chp
653,kocaeli,64,ilkokul,8750,chp
654,sinop,66,lisans,9000,mp
655,eskisehir,44,lise,5500,mp
656,kahramanmaras,61,lise,12000,akp
657,tunceli,72,lise,5500,ip
658,corum,54,lisans,5500,akp
659,bitlis,41,ortaokul,5500,akp
660,hakkari,54,lisans,7500,sp
661,bitlis,20,lise,12000,mp
662,bartin,39,lise,7500,akp
663,bolu,70,ilkokul,7500,zp
664,burdur,75,lise,12000,deva
665,ardahan,21,lise,7500,akp
666,bursa,59,lise,12000,chp
667,erzincan,53,lisans,8750,zp
668,adiyaman,42,lisans,8750,bbp
669,elazig,45,ortaokul,8750,zp
670,nevsehir,74,lisans,8750,dp
671,afyonkarahisar,31,ortaokul,12000,zp
672,samsun,20,lisans,8750,chp
673,kahramanmaras,33,ortaokul,7500,chp
674,denizli,22,ilkokul,7500,mhp
675,diyarbakir,63,ilkokul,5500,dp
676,samsun,47,ortaokul,5500,mp
677,van,64,lisans,5500,chp
678,hakkari,68,ilkokul,12000,chp
679,kars,61,lisans,7500,akp
680,diyarbakir,28,lise,7500,akp
681,artvin,49,ortaokul,8750,zp
682,kirsehir,71,ilkokul,7500,chp
683,eskisehir,25,ortaokul,5500,deva
684,kocaeli,59,ilkokul,9000,mp
685,mardin,29,ilkokul,5500,zp
686,gaziantep,66,ortaokul,5500,akp
687,sanliurfa,60,ilkokul,7500,akp
688,bartin,54,ortaokul,5500,akp
689,sirnak,67,ortaokul,8750,deva
690,mugla,72,ilkokul,8750,akp
691,aksaray,39,ilkokul,8750,mhp
692,gaziantep,71,ortaokul,8750,akp
693,bolu,37,ortaokul,8750,mhp
694,bingol,26,ortaokul,9000,mp
695,manisa,28,ilkokul,7500,chp
696,mersin,59,ilkokul,9000,chp
697,nigde,37,lise,9000,zp
698,mersin,26,lisans,5500,zp
699,bingol,68,lisans,8750,akp
700,erzincan,32,lise,5500,zp
701,kutahya,45,ilkokul,7500,zp
702,giresun,67,ilkokul,9000,chp
703,sakarya,36,lisans,7500,zp
704,ardahan,61,ortaokul,7500,zp
705,ýsparta,44,lise,12000,chp
706,kirklareli,50,ortaokul,7500,deva
707,yalova,26,ilkokul,8750,chp
708,ankara,36,ortaokul,7500,dp
709,yozgat,71,lisans,12000,zp
710,tunceli,54,ortaokul,5500,deva
711,malatya,46,lisans,5500,chp
712,nigde,56,ilkokul,9000,dp
713,mus,22,ortaokul,5500,mhp
714,canakkale,49,ortaokul,5500,ip
715,edirne,55,ortaokul,5500,akp
716,ýstanbul,26,lise,5500,ip
717,mardin,49,lise,9000,akp
718,bayburt,39,ortaokul,12000,chp
719,kastamonu,45,ortaokul,5500,ip
720,ýgdir,30,lise,8750,akp
721,afyonkarahisar,41,lisans,12000,bbp
722,kahramanmaras,63,ilkokul,12000,chp
723,kirklareli,32,ilkokul,12000,sp
724,canakkale,40,ortaokul,12000,dp
725,cankiri,36,ilkokul,7500,dp
726,ýstanbul,66,ilkokul,8750,chp
727,artvin,20,ilkokul,5500,akp
728,ýgdir,61,ortaokul,12000,mp
729,kars,41,lisans,7500,zp
730,yalova,64,lise,12000,zp
731,amasya,20,lisans,12000,dp
732,gumushane,37,ilkokul,8750,chp
733,konya,70,lisans,7500,mp
734,kirikkale,19,ilkokul,5500,akp
735,afyonkarahisar,25,lise,12000,akp
736,ýgdir,41,ilkokul,7500,zp
737,amasya,62,ortaokul,5500,akp
738,hatay,22,lise,8750,akp
739,mugla,60,ortaokul,12000,deva
740,erzurum,72,lisans,5500,mhp
741,duzce,21,ortaokul,7500,chp
742,bayburt,68,ilkokul,7500,akp
743,adana,30,lise,5500,chp
744,ankara,71,ortaokul,8750,zp
745,osmaniye,44,ortaokul,9000,ip
746,ankara,26,lisans,9000,mp
747,kastamonu,29,lise,5500,akp
748,sinop,58,ilkokul,7500,sp
749,kirklareli,71,lise,5500,sp
750,bolu,37,lisans,5500,dp
751,burdur,49,ortaokul,8750,akp
752,bayburt,44,ilkokul,8750,zp
753,ankara,75,lise,5500,dp
754,kirikkale,38,lise,8750,akp
755,diyarbakir,21,lisans,8750,bbp
756,amasya,62,lisans,8750,akp
757,mersin,63,lisans,8750,chp
758,adana,63,lise,7500,zp
759,mus,65,lise,5500,akp
760,sanliurfa,68,ortaokul,5500,akp
761,siirt,18,lise,8750,bbp
762,edirne,49,lise,8750,bbp
763,yozgat,30,lise,8750,mp
764,bolu,28,ilkokul,8750,chp
765,eskisehir,22,lise,5500,akp
766,kutahya,63,ilkokul,7500,mp
767,diyarbakir,53,ilkokul,5500,mhp
768,tunceli,60,ilkokul,5500,akp
769,kars,37,ortaokul,9000,akp
770,bartin,52,lisans,7500,akp
771,gaziantep,62,ilkokul,5500,akp
772,van,50,lise,8750,chp
773,kastamonu,48,ortaokul,5500,ip
774,sakarya,50,lise,8750,ip
775,mus,73,ilkokul,5500,mhp
776,sakarya,74,ilkokul,5500,akp
777,kahramanmaras,38,lise,8750,akp
778,denizli,74,ilkokul,5500,dp
779,burdur,65,ortaokul,5500,akp
780,yalova,57,lise,7500,mp
781,eskisehir,55,ilkokul,8750,akp
782,sivas,39,lisans,8750,akp
783,zonguldak,18,lisans,8750,sp
784,trabzon,19,lisans,8750,akp
785,burdur,45,lise,5500,akp
786,karaman,30,ortaokul,7500,sp
787,kahramanmaras,54,lise,5500,ip
788,antalya,38,ilkokul,5500,chp
789,sinop,19,ortaokul,7500,zp
790,malatya,61,ilkokul,5500,sp
791,batman,51,lise,8750,mp
792,konya,22,lise,8750,zp
793,corum,41,lisans,7500,chp
794,mersin,29,lisans,8750,mp
795,trabzon,19,ilkokul,8750,zp
796,ankara,30,lisans,5500,chp
797,samsun,74,ortaokul,8750,mp
798,nigde,58,ilkokul,12000,mp
799,batman,68,ilkokul,12000,sp
800,hakkari,22,ortaokul,8750,akp
801,samsun,28,lise,7500,chp
802,usak,22,ilkokul,7500,akp
803,yozgat,31,ilkokul,5500,mhp
804,batman,68,lise,8750,ip
805,rize,49,lisans,7500,deva
806,ýzmir,18,lisans,7500,akp
807,kocaeli,71,lisans,12000,mp
808,balikesir,32,lisans,5500,bbp
809,tokat,57,ortaokul,7500,chp
810,yalova,52,ilkokul,8750,akp
811,erzincan,60,ortaokul,5500,akp
812,kastamonu,74,lise,5500,chp
813,kastamonu,23,lise,5500,sp
814,rize,47,ilkokul,5500,akp
815,karabuk,34,lise,7500,ip
816,kastamonu,66,lise,5500,mp
817,rize,22,lisans,8750,akp
818,osmaniye,32,lise,5500,dp
819,agri,64,ilkokul,8750,mp
820,adana,51,ilkokul,5500,zp
821,ýsparta,67,lisans,7500,akp
822,mardin,51,lise,8750,mp
823,batman,20,lisans,5500,mp
824,sinop,22,ortaokul,9000,mhp
825,kayseri,73,ilkokul,5500,akp
826,karabuk,32,ortaokul,5500,zp
827,karaman,18,ilkokul,8750,sp
828,hakkari,48,ortaokul,5500,zp
829,bilecik,65,ilkokul,7500,zp
830,afyonkarahisar,75,ortaokul,5500,chp
831,mus,34,lise,9000,chp
832,kocaeli,64,ilkokul,12000,ip
833,bursa,69,lise,5500,sp
834,kutahya,47,lise,8750,zp
835,kutahya,68,ilkokul,12000,chp
836,osmaniye,21,lise,7500,mhp
837,adiyaman,61,ortaokul,5500,chp
838,kirsehir,20,lise,5500,zp
839,kahramanmaras,62,ortaokul,7500,akp
840,samsun,60,lise,5500,chp
841,edirne,64,lisans,8750,akp
842,agri,62,ortaokul,8750,zp
843,kahramanmaras,39,ilkokul,5500,mp
844,ýgdir,68,ortaokul,5500,akp
845,kars,31,lisans,5500,mp
846,usak,48,ortaokul,5500,mp
847,tokat,64,ortaokul,5500,chp
848,rize,58,lise,7500,akp
849,ýzmir,26,ilkokul,5500,mp
850,bingol,64,ortaokul,5500,akp
851,karabuk,35,lisans,5500,mp
852,agri,63,lise,5500,dp
853,samsun,69,lise,7500,akp
854,bolu,44,ilkokul,5500,akp
855,artvin,50,ilkokul,5500,zp
856,malatya,45,ortaokul,7500,dp
857,gumushane,69,lisans,8750,akp
858,gumushane,34,lisans,5500,zp
859,adiyaman,74,ortaokul,8750,zp
860,giresun,63,lisans,7500,chp
861,bursa,51,lisans,5500,zp
862,yalova,25,lisans,8750,mhp
863,manisa,29,ilkokul,5500,zp
864,ordu,54,lisans,12000,chp
865,eskisehir,62,lisans,5500,deva
866,sanliurfa,40,ortaokul,12000,dp
867,bingol,62,ortaokul,7500,zp
868,burdur,53,lise,7500,akp
869,usak,52,ilkokul,12000,mp
870,karaman,31,ilkokul,5500,chp
871,erzurum,73,ortaokul,8750,zp
872,mugla,32,ortaokul,5500,akp
873,yozgat,75,ortaokul,5500,ip
874,tokat,48,ortaokul,9000,akp
875,sivas,68,ilkokul,7500,mp
876,bayburt,29,lisans,5500,zp
877,kirsehir,28,lisans,8750,ip
878,bingol,62,lisans,5500,akp
879,kirsehir,36,lise,5500,zp
880,bursa,27,ilkokul,9000,chp
881,usak,42,lise,12000,deva
882,samsun,67,lise,7500,chp
883,bayburt,65,lisans,5500,mhp
884,erzincan,39,lise,12000,mp
885,corum,73,lise,7500,akp
886,afyonkarahisar,32,lisans,7500,ip
887,ardahan,56,lisans,7500,akp
888,adana,23,ortaokul,8750,akp
889,ýsparta,65,lisans,12000,akp
890,ýgdir,60,lisans,8750,ip
891,amasya,70,ortaokul,9000,akp
892,malatya,40,ilkokul,5500,deva
893,erzincan,23,ortaokul,5500,ip
894,diyarbakir,22,lisans,9000,akp
895,diyarbakir,54,lise,5500,akp
896,sanliurfa,27,lisans,8750,sp
897,denizli,67,ilkokul,5500,mp
898,nigde,26,lise,9000,zp
899,mersin,67,lisans,5500,zp
900,bingol,58,lisans,8750,akp
901,erzincan,24,lise,5500,zp
902,kutahya,45,ilkokul,7500,zp
903,giresun,29,ilkokul,9000,chp
904,sakarya,29,lisans,7500,zp
905,ardahan,38,ortaokul,7500,zp
906,ýsparta,38,lise,12000,chp
907,kirklareli,20,ortaokul,7500,deva
908,yalova,41,ilkokul,8750,chp
909,ankara,60,ortaokul,7500,dp
910,yozgat,19,lisans,12000,zp
911,tunceli,35,ortaokul,5500,deva
912,malatya,66,lisans,5500,chp
913,nigde,31,ilkokul,9000,dp
914,mus,44,ortaokul,5500,mhp
915,canakkale,19,ortaokul,5500,ip
916,edirne,51,ortaokul,5500,akp
917,ýstanbul,65,lise,5500,ip
918,mardin,57,lise,9000,akp
919,bayburt,37,ortaokul,12000,chp
920,kastamonu,63,ortaokul,5500,ip
921,ýgdir,29,lise,8750,akp
922,afyonkarahisar,38,lisans,12000,bbp
923,kahramanmaras,71,ilkokul,12000,chp
924,kirklareli,29,ilkokul,12000,sp
925,canakkale,35,ortaokul,12000,dp
926,cankiri,75,ilkokul,7500,dp
927,ýstanbul,24,ilkokul,8750,chp
928,artvin,70,ilkokul,5500,akp
929,ýgdir,25,ortaokul,12000,mp
930,kars,45,lisans,7500,zp
931,yalova,74,lise,12000,zp
932,amasya,34,lisans,12000,dp
933,gumushane,45,ilkokul,8750,chp
934,konya,61,lisans,7500,mp
935,kirikkale,70,ilkokul,5500,akp
936,afyonkarahisar,62,lise,12000,akp
937,ýgdir,27,ilkokul,7500,zp
938,amasya,34,ortaokul,5500,akp
939,hatay,73,lise,8750,akp
940,mugla,72,ortaokul,12000,deva
941,erzurum,75,lisans,5500,mhp
942,duzce,62,ortaokul,7500,chp
943,bayburt,58,ilkokul,7500,akp
944,adana,66,lise,5500,chp
945,ankara,71,ortaokul,8750,zp
946,osmaniye,23,ortaokul,9000,ip
947,ankara,55,lisans,9000,mp
948,kastamonu,68,lise,5500,akp
949,sinop,55,ilkokul,7500,sp
950,kirklareli,70,lise,5500,sp
951,bolu,26,lisans,5500,dp
952,burdur,68,ortaokul,8750,akp
953,bayburt,56,ilkokul,8750,zp
954,ankara,54,lise,5500,dp
955,kirikkale,49,lise,8750,akp
956,diyarbakir,23,lisans,8750,bbp
957,amasya,32,lisans,8750,akp
958,mersin,39,lisans,8750,chp
959,adana,28,lise,7500,zp
960,mus,38,lise,5500,akp
961,sanliurfa,25,ortaokul,5500,akp
962,siirt,50,lise,8750,bbp
963,edirne,43,lise,8750,bbp
964,yozgat,34,lise,8750,mp
965,bolu,32,ilkokul,8750,chp
966,eskisehir,43,lise,5500,akp
967,kutahya,54,ilkokul,7500,mp
968,diyarbakir,44,ilkokul,5500,mhp
969,tunceli,70,ilkokul,5500,akp
970,kars,75,ortaokul,9000,akp
971,bartin,32,lisans,7500,akp
972,gaziantep,69,ilkokul,5500,akp
973,van,51,lise,8750,chp
974,kastamonu,57,ortaokul,5500,ip
975,sakarya,22,lise,8750,ip
976,mus,28,ilkokul,5500,mhp
977,sakarya,61,ilkokul,5500,akp
978,kahramanmaras,58,lise,8750,akp
979,denizli,37,ilkokul,5500,dp
980,burdur,38,ortaokul,5500,akp
981,yalova,49,lise,7500,mp
982,eskisehir,42,ilkokul,8750,akp
983,sivas,71,lisans,8750,akp
984,zonguldak,45,lisans,8750,sp
985,trabzon,37,lisans,8750,akp
986,burdur,42,lise,5500,akp
987,karaman,64,ortaokul,7500,sp
988,kahramanmaras,60,lise,5500,ip
989,antalya,75,ilkokul,5500,chp
990,sinop,33,ortaokul,7500,zp
991,malatya,61,ilkokul,5500,sp
992,batman,56,lise,8750,mp
993,konya,68,lise,8750,zp
994,corum,42,lisans,7500,chp
995,mersin,21,lisans,8750,mp
996,trabzon,22,ilkokul,8750,zp
997,ankara,70,lisans,5500,chp
998,samsun,39,ortaokul,8750,mp
999,nigde,59,ilkokul,12000,mp
1000,batman,66,ilkokul,12000,sp
1001,hakkari,68,ortaokul,8750,akp
1002,samsun,31,lise,7500,chp
1003,usak,18,ilkokul,7500,akp
1004,yozgat,59,ilkokul,5500,mhp
1005,batman,27,lise,8750,ip
1006,rize,50,lisans,7500,deva
1007,ýzmir,62,lisans,7500,akp
1008,kocaeli,48,lisans,12000,mp
1009,balikesir,20,lisans,5500,bbp
1010,tokat,57,ortaokul,7500,chp
1011,yalova,47,ilkokul,8750,akp
1012,erzincan,40,ortaokul,5500,akp
1013,kastamonu,24,lise,5500,chp
1014,kastamonu,27,lise,5500,sp
1015,rize,36,ilkokul,5500,akp
1016,karabuk,65,lise,7500,ip
1017,kastamonu,27,lise,5500,mp
1018,rize,30,lisans,8750,akp
1019,osmaniye,31,lise,5500,dp
1020,agri,49,ilkokul,8750,mp
1021,adana,33,ilkokul,5500,zp
1022,ýsparta,31,lisans,7500,akp
1023,mardin,26,lise,8750,mp
1024,batman,57,lisans,5500,mp
1025,sinop,55,ortaokul,9000,mhp
1026,kayseri,60,ilkokul,5500,akp
1027,karabuk,63,ortaokul,5500,zp
1028,karaman,75,ilkokul,8750,sp
1029,hakkari,52,ortaokul,5500,zp
1030,bilecik,66,ilkokul,7500,zp
1031,afyonkarahisar,31,ortaokul,5500,chp
1032,mus,20,lise,9000,chp
1033,kocaeli,53,ilkokul,12000,ip
1034,bursa,43,lise,5500,sp
1035,kutahya,62,lise,8750,zp
1036,kutahya,19,ilkokul,12000,chp
1037,osmaniye,73,lise,7500,mhp
1038,adiyaman,65,ortaokul,5500,chp
1039,kirsehir,47,lise,5500,zp
1040,kahramanmaras,35,ortaokul,7500,akp
1041,samsun,58,lise,5500,chp
1042,edirne,33,lisans,8750,akp
1043,agri,35,ortaokul,8750,zp
1044,kahramanmaras,49,ilkokul,5500,mp
1045,ýgdir,28,ortaokul,5500,akp
1046,kars,45,lisans,5500,mp
1047,usak,21,ortaokul,5500,mp
1048,tokat,52,ortaokul,5500,chp
1049,rize,70,lise,7500,akp
1050,ýzmir,63,ilkokul,5500,mp
1051,bingol,73,ortaokul,5500,akp
1052,karabuk,74,lisans,5500,mp
1053,agri,57,lise,5500,dp
1054,samsun,31,lise,7500,akp
1055,bolu,58,ilkokul,5500,akp
1056,artvin,75,ilkokul,5500,zp
1057,malatya,32,ortaokul,7500,dp
1058,gumushane,20,lisans,8750,akp
1059,gumushane,58,lisans,5500,zp
1060,adiyaman,41,ortaokul,8750,zp
1061,giresun,28,lisans,7500,chp
1062,bursa,34,lisans,5500,zp
1063,yalova,48,lisans,8750,mhp
1064,manisa,60,ilkokul,5500,zp
1065,ordu,28,lisans,12000,chp
1066,eskisehir,63,lisans,5500,deva
1067,sanliurfa,57,ortaokul,12000,dp
1068,bingol,74,ortaokul,7500,zp
1069,burdur,25,lise,7500,akp
1070,usak,28,ilkokul,12000,mp
1071,karaman,38,ilkokul,5500,chp
1072,erzurum,19,ortaokul,8750,zp
1073,mugla,35,ortaokul,5500,akp
1074,yozgat,70,ortaokul,5500,ip
1075,tokat,21,ortaokul,9000,akp
1076,sivas,24,ilkokul,7500,mp
1077,bayburt,25,lisans,5500,zp
1078,kirsehir,25,lisans,8750,ip
1079,bingol,26,lisans,5500,akp
1080,kirsehir,28,lise,5500,zp
1081,bursa,62,ilkokul,9000,chp
1082,usak,48,lise,12000,deva
1083,samsun,63,lise,7500,chp
1084,bayburt,29,lisans,5500,mhp
1085,erzincan,72,lise,12000,mp
1086,corum,20,lise,7500,akp
1087,afyonkarahisar,30,lisans,7500,ip
1088,ardahan,36,lisans,7500,akp
1089,adana,54,ortaokul,8750,akp
1090,ýsparta,71,lisans,12000,akp
1091,ýgdir,47,lisans,8750,ip
1092,amasya,30,ortaokul,9000,akp
1093,malatya,38,ilkokul,5500,deva
1094,erzincan,39,ortaokul,5500,ip
1095,diyarbakir,21,lisans,9000,akp
1096,diyarbakir,53,lise,5500,akp
1097,sanliurfa,42,lisans,8750,sp
1098,denizli,63,ilkokul,7500,chp
1099,nevsehir,20,lise,12000,sp
1100,artvin,73,ilkokul,8750,chp
1101,aksaray,74,ortaokul,5500,zp
1102,sinop,68,lisans,5500,akp
1103,diyarbakir,42,ilkokul,9000,mp
1104,siirt,25,ilkokul,5500,zp
1105,afyonkarahisar,51,lisans,7500,chp
1106,konya,62,ilkokul,5500,chp
1107,kutahya,33,ilkokul,7500,zp
1108,bilecik,44,ilkokul,5500,zp
1109,yalova,43,ortaokul,5500,zp
1110,karaman,29,ortaokul,9000,mhp
1111,balikesir,68,ortaokul,8750,zp
1112,ýgdir,57,ortaokul,5500,zp
1113,aksaray,55,lise,7500,mp
1114,nevsehir,21,lisans,8750,sp
1115,ýstanbul,71,lise,7500,akp
1116,tokat,43,lisans,5500,zp
1117,yozgat,35,ilkokul,8750,akp
1118,sirnak,23,ilkokul,12000,bbp
1119,adana,58,lise,5500,zp
1120,artvin,55,ortaokul,8750,mp
1121,adana,39,lise,7500,zp
1122,karabuk,46,lisans,5500,akp
1123,gaziantep,19,lisans,5500,chp
1124,tekirdag,39,lise,12000,chp
1125,tunceli,47,ortaokul,5500,zp
1126,sakarya,43,ortaokul,12000,mhp
1127,kocaeli,49,ilkokul,7500,mhp
1128,siirt,46,lisans,9000,chp
1129,rize,51,lisans,5500,bbp
1130,ordu,49,lise,8750,mhp
1131,bayburt,37,lise,7500,zp
1132,antalya,59,lise,5500,chp
1133,balikesir,18,ortaokul,8750,sp
1134,sanliurfa,27,ilkokul,8750,zp
1135,giresun,26,lise,9000,chp
1136,kastamonu,39,lisans,7500,akp
1137,amasya,45,lisans,12000,akp
1138,kayseri,29,ortaokul,5500,ip
1139,rize,70,ilkokul,7500,mp
1140,bursa,28,lise,8750,zp
1141,bartin,48,lisans,8750,chp
1142,antalya,52,lise,5500,chp
1143,afyonkarahisar,49,lisans,5500,deva
1144,trabzon,23,ilkokul,12000,zp
1145,batman,35,lisans,8750,zp
1146,kirikkale,62,ortaokul,5500,dp
1147,karaman,40,lise,5500,zp
1148,hatay,26,ilkokul,8750,akp
1149,cankiri,28,ortaokul,7500,akp
1150,canakkale,18,lise,9000,zp
1151,elazig,33,ortaokul,5500,zp
1152,tekirdag,21,ilkokul,5500,mp
1153,diyarbakir,36,ortaokul,8750,akp
1154,gaziantep,34,ortaokul,12000,chp
1155,nevsehir,67,ilkokul,8750,zp
1156,gaziantep,73,ilkokul,12000,ip
1157,amasya,63,ortaokul,5500,chp
1158,diyarbakir,41,lisans,5500,akp
1159,aksaray,32,lisans,5500,bbp
1160,mardin,25,ortaokul,8750,mp
1161,kutahya,61,ortaokul,5500,zp
1162,nigde,47,ortaokul,5500,zp
1163,samsun,64,ilkokul,7500,mhp
1164,ýgdir,68,ilkokul,5500,zp
1165,denizli,62,ilkokul,8750,mp
1166,amasya,69,lisans,9000,deva
1167,kirklareli,59,ilkokul,12000,zp
1168,rize,62,ilkokul,5500,dp
1169,balikesir,35,lisans,9000,akp
1170,denizli,30,lise,5500,chp
1171,hakkari,46,lisans,5500,zp
1172,yozgat,46,ilkokul,12000,akp
1173,bitlis,37,ortaokul,8750,zp
1174,yalova,37,ortaokul,5500,zp
1175,manisa,18,lise,7500,chp
1176,ýgdir,20,lise,5500,mhp
1177,yozgat,43,ilkokul,7500,mp
1178,kutahya,29,ilkokul,5500,zp
1179,eskisehir,69,ilkokul,12000,ip
1180,amasya,26,lise,5500,mp
1181,kirsehir,71,lise,8750,chp
1182,ýgdir,67,ilkokul,5500,akp
1183,diyarbakir,65,ilkokul,5500,akp
1184,zonguldak,24,lise,5500,akp
1185,malatya,75,ortaokul,8750,akp
1186,gaziantep,35,ortaokul,7500,deva
1187,hatay,56,lisans,9000,akp
1188,hatay,46,lise,5500,chp
1189,kilis,37,ortaokul,7500,akp
1190,antalya,18,lise,5500,deva
1191,corum,68,ilkokul,5500,zp
1192,cankiri,49,lisans,12000,chp
1193,tunceli,57,lisans,5500,chp
1194,diyarbakir,19,ortaokul,5500,akp
1195,bursa,62,lisans,8750,akp
1196,aydin,47,lisans,5500,akp
1197,osmaniye,44,lisans,5500,zp
1198,burdur,45,lise,8750,zp
1199,mersin,38,lisans,9000,zp
1200,kayseri,30,lisans,5500,chp
1201,trabzon,31,lise,5500,zp
1202,afyonkarahisar,36,ilkokul,5500,ip
1203,adana,31,ortaokul,7500,zp
1204,kirklareli,22,ortaokul,5500,akp
1205,adana,24,ortaokul,7500,dp
1206,rize,41,lisans,12000,chp
1207,aksaray,30,ortaokul,12000,akp
1208,kayseri,61,ortaokul,9000,mp
1209,kastamonu,41,lise,7500,chp
1210,osmaniye,23,ilkokul,5500,zp
1211,bingol,18,ortaokul,7500,chp
1212,antalya,38,lisans,9000,akp
1213,erzincan,18,lisans,8750,mhp
1214,malatya,41,lise,5500,akp
1215,trabzon,74,ortaokul,5500,zp
1216,canakkale,66,ilkokul,5500,akp
1217,amasya,59,ilkokul,5500,mp
1218,ankara,62,lisans,8750,dp
1219,artvin,56,ilkokul,5500,akp
1220,ýstanbul,46,ilkokul,7500,akp
1221,ordu,66,lisans,7500,akp
1222,bingol,67,ilkokul,9000,akp
1223,ýstanbul,53,ilkokul,8750,zp
1224,erzincan,43,ilkokul,7500,ip
1225,denizli,18,lise,7500,zp
1226,corum,43,lisans,5500,akp
1227,konya,22,ortaokul,8750,chp
1228,gumushane,59,lisans,8750,akp
1229,cankiri,68,lise,7500,zp
1230,kirikkale,74,lise,12000,akp
1231,erzincan,57,ilkokul,7500,ip
1232,malatya,74,ilkokul,9000,bbp
1233,agri,54,ortaokul,8750,akp
1234,erzurum,32,lisans,7500,zp
1235,malatya,32,ortaokul,5500,zp
1236,ardahan,61,ortaokul,5500,akp
1237,van,48,ortaokul,7500,mhp
1238,ýstanbul,64,ortaokul,7500,zp
1239,ardahan,25,lisans,5500,akp
1240,canakkale,18,ortaokul,5500,chp
1241,agri,45,ilkokul,12000,zp
1242,giresun,22,ortaokul,5500,mp
1243,ankara,45,lise,8750,chp
1244,ordu,48,lisans,8750,mp
1245,elazig,44,ilkokul,7500,chp
1246,kayseri,74,lise,12000,akp
1247,bingol,26,ortaokul,8750,mp
1248,corum,55,lise,7500,akp
1249,burdur,69,lise,9000,mhp
1250,mus,40,ortaokul,5500,chp
1251,kars,26,ilkokul,7500,ip
1252,zonguldak,19,ilkokul,5500,mp
1253,ankara,49,lise,5500,chp
1254,sanliurfa,69,lisans,5500,mp
1255,yozgat,50,lise,5500,ip
1256,eskisehir,39,ortaokul,12000,bbp
1257,bilecik,44,ilkokul,12000,zp
1258,mugla,36,lise,5500,ip
1259,ordu,69,ortaokul,5500,zp
1260,bursa,50,ilkokul,5500,ip
1261,tunceli,48,lisans,5500,chp
1262,yalova,24,ilkokul,5500,zp
1263,sirnak,48,ortaokul,5500,dp
1264,bursa,45,lise,8750,akp
1265,kastamonu,46,lise,5500,mp
1266,ankara,35,ilkokul,8750,mp
1267,corum,20,lise,5500,mp
1268,erzincan,18,lise,5500,chp
1269,samsun,54,lisans,5500,zp
1270,kayseri,29,lisans,9000,akp
1271,adana,53,lisans,9000,chp
1272,trabzon,70,lise,5500,zp
1273,agri,35,lisans,12000,bbp
1274,bingol,21,lise,5500,sp
1275,karaman,35,lise,12000,chp
1276,bingol,54,ilkokul,5500,zp
1277,adana,58,lise,5500,chp
1278,kirikkale,20,lise,8750,akp
1279,amasya,63,ortaokul,7500,zp
1280,edirne,45,ilkokul,7500,ip
1281,amasya,23,ortaokul,8750,akp
1282,sanliurfa,65,ilkokul,5500,ip
1283,ýgdir,24,lisans,8750,mhp
1284,kutahya,53,ilkokul,7500,chp
1285,kayseri,24,ilkokul,8750,zp
1286,elazig,74,ilkokul,12000,zp
1287,nevsehir,63,ilkokul,7500,akp
1288,canakkale,60,lisans,5500,mp
1289,duzce,55,lise,7500,zp
1290,kocaeli,55,lise,7500,akp
1291,bursa,30,ilkokul,5500,zp
1292,eskisehir,56,ilkokul,7500,akp
1293,sinop,47,lisans,8750,mp
1294,ardahan,62,ortaokul,7500,akp
1295,kocaeli,24,lise,5500,mp
1296,kars,69,lise,5500,chp
1297,erzincan,27,ilkokul,8750,mp
1298,cankiri,50,ortaokul,5500,mp
1299,elazig,67,ilkokul,9000,akp
1300,kars,51,lise,5500,mp
1301,konya,67,lise,5500,bbp
1302,bolu,34,ilkokul,5500,akp
1303,kocaeli,61,lise,5500,mp
1304,tunceli,67,ilkokul,9000,zp
1305,hatay,58,ilkokul,9000,mp
1306,mugla,48,ilkokul,8750,deva
1307,usak,36,lise,7500,zp
1308,bilecik,74,ilkokul,7500,mhp
1309,siirt,59,lisans,5500,akp
1310,artvin,34,lise,5500,ip
1311,zonguldak,34,ilkokul,8750,ip
1312,erzincan,54,ortaokul,5500,chp
1313,gumushane,38,lise,7500,bbp
1314,osmaniye,19,ortaokul,5500,chp
1315,kahramanmaras,20,lise,5500,zp
1316,karabuk,46,lise,5500,akp
1317,cankiri,73,ilkokul,8750,ip
1318,mardin,49,lisans,5500,zp
1319,burdur,25,lise,7500,akp
1320,eskisehir,43,ilkokul,8750,ip
1321,edirne,20,ilkokul,12000,zp
1322,manisa,73,ilkokul,7500,zp
1323,agri,51,ortaokul,8750,zp
1324,sirnak,39,lise,5500,sp
1325,bolu,20,lisans,7500,bbp
1326,sanliurfa,19,lise,9000,deva
1327,nigde,31,ilkokul,5500,zp
1328,nevsehir,41,ortaokul,5500,mp
1329,tekirdag,67,ortaokul,5500,chp
1330,samsun,19,lisans,7500,ip
1331,agri,34,lise,8750,mp
1332,ankara,22,lise,5500,deva
1333,yozgat,66,ortaokul,5500,zp
1334,kocaeli,38,lisans,7500,mp
1335,kars,19,ilkokul,5500,mp
1336,usak,40,lisans,8750,bbp
1337,samsun,33,lise,12000,chp
1338,samsun,74,lisans,7500,akp
1339,yozgat,27,lise,8750,mp
1340,zonguldak,52,lisans,9000,zp
1341,tunceli,47,lisans,5500,zp
1342,usak,39,ortaokul,8750,zp
1343,nevsehir,28,lisans,8750,akp
1344,batman,57,lisans,5500,chp
1345,cankiri,20,ortaokul,9000,chp
1346,denizli,72,lisans,5500,akp
1347,mersin,43,ortaokul,12000,zp
1348,artvin,46,lisans,12000,mp
1349,kayseri,22,ortaokul,8750,bbp
1350,sinop,55,ilkokul,8750,zp
1351,kilis,26,ilkokul,5500,zp
1352,kilis,46,lise,5500,mhp
1353,batman,32,ilkokul,12000,mp
1354,karabuk,33,lisans,5500,akp
1355,kahramanmaras,54,lisans,8750,mp
1356,diyarbakir,38,ortaokul,9000,sp
1357,batman,52,lisans,8750,bbp
1358,konya,35,ilkokul,5500,zp
1359,kahramanmaras,23,ilkokul,12000,bbp
1360,siirt,22,lisans,7500,zp
1361,aksaray,31,ortaokul,5500,mhp
1362,karabuk,57,ortaokul,8750,zp
1363,gaziantep,38,ilkokul,12000,akp
1364,nigde,50,ilkokul,5500,zp
1365,hakkari,37,lise,5500,chp
1366,karaman,19,ilkokul,7500,ip
1367,sivas,26,lise,9000,akp
1368,ýgdir,31,lise,5500,bbp
1369,nigde,35,ilkokul,5500,akp
1370,aksaray,68,lisans,9000,dp
1371,ardahan,46,ilkokul,5500,chp
1372,agri,37,ilkokul,5500,dp
1373,balikesir,59,ilkokul,8750,zp
1374,bilecik,54,lisans,7500,mp
1375,sirnak,67,lisans,8750,mp
1376,mus,24,ilkokul,8750,akp
1377,mugla,61,lisans,12000,mhp
1378,manisa,32,lisans,7500,bbp
1379,sakarya,27,lisans,9000,zp
1380,nigde,70,ortaokul,8750,akp
1381,kocaeli,75,lisans,8750,dp
1382,van,20,lisans,7500,dp
1383,aydin,64,lisans,5500,zp
1384,malatya,63,ortaokul,7500,zp
1385,ardahan,39,ilkokul,5500,akp
1386,manisa,58,lise,5500,chp
1387,afyonkarahisar,18,lise,8750,sp
1388,hakkari,63,ilkokul,8750,akp
1389,diyarbakir,69,lisans,5500,ip
1390,kirsehir,62,ortaokul,8750,dp
1391,erzincan,52,ortaokul,7500,deva
1392,elazig,62,ilkokul,5500,mp
1393,osmaniye,31,ortaokul,9000,zp
1394,bartin,49,lise,5500,akp
1395,sivas,37,lisans,8750,zp
1396,adana,43,lisans,8750,akp
1397,bitlis,58,ortaokul,8750,mp
1398,duzce,63,lisans,5500,deva
1399,burdur,61,lisans,8750,mp
1400,cankiri,69,ilkokul,7500,zp
1401,ordu,37,lisans,7500,zp
1402,ýzmir,33,lise,5500,akp
1403,kutahya,29,lise,5500,akp
1404,adiyaman,73,ortaokul,5500,akp
1405,konya,39,lisans,5500,sp
1406,bayburt,61,ilkokul,5500,akp
1407,bitlis,74,ilkokul,7500,akp
1408,ankara,72,lisans,12000,dp
1409,sinop,33,ortaokul,7500,mp
1410,ankara,21,ortaokul,7500,chp
1411,giresun,23,ortaokul,5500,mp
1412,ardahan,69,lise,5500,mp
1413,bilecik,29,lisans,8750,mp
1414,nevsehir,69,lise,9000,deva
1415,gumushane,23,ortaokul,5500,mp
1416,yozgat,50,lisans,8750,zp
1417,kastamonu,50,lise,5500,dp
1418,yozgat,62,lise,12000,chp
1419,adana,23,ortaokul,5500,chp
1420,siirt,18,lise,12000,chp
1421,batman,23,ilkokul,5500,chp
1422,eskisehir,33,ilkokul,12000,zp
1423,osmaniye,61,ilkokul,5500,akp
1424,karabuk,43,ilkokul,12000,mhp
1425,sanliurfa,42,ortaokul,9000,mp
1426,canakkale,68,lisans,5500,zp
1427,denizli,37,ortaokul,7500,zp
1428,mugla,43,lisans,5500,akp
1429,bolu,60,ilkokul,9000,akp
1430,nevsehir,29,lise,5500,chp
1431,sivas,58,ilkokul,5500,mp
1432,trabzon,50,ortaokul,8750,dp
1433,kocaeli,70,ortaokul,5500,mp
1434,afyonkarahisar,58,lise,7500,ip
1435,hakkari,57,ilkokul,5500,akp
1436,gaziantep,52,lise,5500,dp
1437,antalya,60,lise,5500,akp
1438,tokat,20,ilkokul,12000,chp
1439,bitlis,34,lise,12000,ip
1440,agri,39,lise,5500,dp
1441,elazig,40,lise,5500,akp
1442,adiyaman,67,lisans,5500,zp
1443,afyonkarahisar,55,ortaokul,8750,chp
1444,giresun,26,lise,5500,mp
1445,kilis,68,ortaokul,5500,zp
1446,agri,19,ortaokul,5500,mhp
1447,gaziantep,62,ortaokul,5500,akp
1448,kirsehir,33,lise,8750,ip
1449,malatya,38,ortaokul,5500,bbp
1450,yalova,55,lise,8750,ip
1451,adana,69,lisans,12000,mp
1452,ankara,28,ortaokul,9000,zp
1453,edirne,50,ortaokul,5500,chp
1454,mus,50,ortaokul,12000,akp
1455,adana,74,ilkokul,5500,ip
1456,kutahya,56,lisans,5500,zp
1457,aksaray,32,ilkokul,5500,bbp
1458,yalova,64,ortaokul,5500,akp
1459,kars,55,lisans,5500,chp
1460,canakkale,73,lise,8750,zp
1461,yalova,31,lise,5500,chp
1462,mugla,45,lisans,9000,mhp
1463,nevsehir,61,ilkokul,12000,ip
1464,duzce,44,lise,8750,chp
1465,yozgat,61,ilkokul,8750,chp
1466,bilecik,64,lise,5500,mp
1467,kocaeli,66,ortaokul,7500,mp
1468,ýzmir,65,ortaokul,9000,chp
1469,kirikkale,24,ortaokul,8750,dp
1470,usak,42,ortaokul,5500,chp
1471,ýstanbul,43,ortaokul,8750,mp
1472,diyarbakir,51,ilkokul,8750,mp
1473,bolu,42,lisans,7500,mp
1474,batman,22,lisans,8750,ip
1475,ordu,70,ortaokul,9000,mp
1476,denizli,38,ortaokul,8750,zp
1477,konya,67,lisans,5500,akp
1478,bursa,56,lisans,5500,dp
1479,siirt,48,ilkokul,5500,zp
1480,afyonkarahisar,38,lise,12000,zp
1481,kutahya,57,lisans,5500,mp
1482,aydin,44,ilkokul,9000,akp
1483,kirsehir,56,ortaokul,7500,ip
1484,trabzon,59,lise,8750,akp
1485,diyarbakir,72,lisans,8750,chp
1486,bursa,45,lisans,12000,chp
1487,ardahan,54,lise,8750,akp
1488,kirikkale,33,lisans,9000,akp
1489,kars,33,lise,7500,ip
1490,hakkari,44,lise,5500,akp
1491,canakkale,59,ilkokul,5500,ip
1492,erzurum,24,lisans,5500,mhp
1493,eskisehir,72,lisans,7500,dp
1494,bursa,47,lisans,8750,zp
1495,samsun,18,ilkokul,5500,akp
1496,erzurum,33,lise,9000,zp
1497,edirne,67,lise,12000,chp
1498,kilis,46,lise,5500,mp
1499,artvin,29,lisans,5500,mp
1500,ordu,72,lisans,9000,zp
1501,corum,74,ortaokul,8750,ip
1502,nevsehir,49,lise,12000,ip
1503,erzurum,28,ilkokul,5500,zp
1504,ýgdir,73,lisans,7500,zp
1505,tokat,27,lisans,9000,sp
1506,afyonkarahisar,21,lise,5500,mhp
1507,tunceli,65,lise,12000,chp
1508,usak,70,lisans,5500,akp
1509,manisa,73,lise,5500,chp
1510,manisa,57,ortaokul,7500,mhp
1511,bilecik,45,lisans,7500,chp
1512,afyonkarahisar,34,ortaokul,8750,deva
1513,elazig,55,lisans,7500,akp
1514,denizli,49,lise,12000,ip
1515,bingol,60,ortaokul,12000,bbp
1516,tokat,26,lise,5500,chp
1517,gumushane,62,lisans,12000,sp
1518,cankiri,30,ilkokul,9000,akp
1519,ýzmir,69,lisans,5500,chp
1520,artvin,20,ortaokul,5500,dp
1521,kastamonu,42,lisans,5500,chp
1522,sinop,54,ortaokul,5500,mp
1523,kars,50,lisans,5500,zp
1524,gumushane,65,lisans,8750,akp
1525,balikesir,58,lise,8750,akp
1526,sinop,29,lisans,8750,deva
1527,ýgdir,49,lisans,5500,mhp
1528,bartin,31,lise,5500,akp
1529,ardahan,55,lisans,7500,mp
1530,amasya,24,ortaokul,5500,zp
1531,balikesir,51,ilkokul,9000,deva
1532,hakkari,33,lisans,12000,mp
1533,tokat,69,lise,9000,zp
1534,erzurum,36,ilkokul,5500,chp
1535,yozgat,22,ilkokul,7500,mp
1536,tunceli,37,ortaokul,8750,mp
1537,yalova,19,lise,8750,chp
1538,erzincan,67,ortaokul,9000,zp
1539,gumushane,36,lisans,7500,zp
1540,kilis,46,lisans,7500,akp
1541,samsun,52,ilkokul,8750,akp
1542,ardahan,70,ilkokul,7500,mhp
1543,osmaniye,20,lisans,9000,mhp
1544,yalova,50,ilkokul,5500,ip
1545,aydin,69,ilkokul,8750,ip
1546,kutahya,50,lisans,8750,deva
1547,kirklareli,41,lisans,5500,zp
1548,giresun,35,ortaokul,5500,ip
1549,diyarbakir,21,lisans,5500,chp
1550,kahramanmaras,66,ilkokul,5500,chp
1551,afyonkarahisar,47,ilkokul,8750,deva
1552,amasya,43,lisans,5500,dp
1553,balikesir,28,lise,7500,akp
1554,rize,21,ortaokul,5500,ip
1555,duzce,19,ortaokul,5500,ip
1556,bitlis,54,lisans,8750,dp
1557,sivas,50,ilkokul,12000,mp
1558,karabuk,33,ortaokul,5500,zp
1559,mardin,65,lise,8750,akp
1560,mugla,64,lise,5500,chp
1561,kilis,19,ortaokul,8750,chp
1562,bolu,34,ilkokul,5500,sp
1563,mersin,26,lisans,8750,zp
1564,corum,49,lise,7500,zp
1565,samsun,71,lise,7500,akp
1566,usak,21,lise,5500,ip
1567,bayburt,72,lisans,5500,akp
1568,tunceli,33,ilkokul,5500,mp
1569,diyarbakir,65,lisans,8750,ip
1570,artvin,58,lise,5500,chp
1571,corum,46,ilkokul,5500,chp
1572,mus,53,ilkokul,8750,akp
1573,yozgat,32,lise,12000,ip
1574,usak,43,ortaokul,5500,mp
1575,burdur,67,ortaokul,5500,akp
1576,eskisehir,71,ortaokul,12000,chp
1577,kars,42,ilkokul,5500,mhp
1578,corum,58,ortaokul,12000,sp
1579,kirsehir,61,lisans,9000,zp
1580,giresun,58,ortaokul,9000,zp
1581,ýgdir,34,ortaokul,7500,zp
1582,usak,70,ortaokul,8750,zp
1583,bitlis,74,lisans,12000,zp
1584,van,23,ilkokul,5500,akp
1585,kocaeli,29,lisans,8750,akp
1586,kirsehir,69,lise,7500,akp
1587,bitlis,41,ortaokul,8750,akp
1588,burdur,35,lise,7500,chp
1589,sakarya,75,lisans,8750,akp
1590,mugla,61,lise,7500,zp
1591,denizli,68,ilkokul,5500,chp
1592,antalya,65,ortaokul,5500,mp
1593,edirne,20,lisans,7500,mp
1594,kastamonu,42,ortaokul,9000,bbp
1595,amasya,18,lisans,8750,sp
1596,mardin,25,ortaokul,5500,bbp
1597,sanliurfa,30,ortaokul,5500,mp
1598,karaman,53,ortaokul,9000,zp
1599,ýgdir,25,ortaokul,7500,mhp
1600,kars,57,ortaokul,12000,chp
1601,ardahan,69,lise,9000,mhp
1602,kilis,50,ilkokul,5500,akp
1603,mardin,62,ilkokul,12000,zp
1604,hakkari,48,lisans,5500,zp
1605,ardahan,71,ortaokul,8750,zp
1606,karabuk,70,lise,5500,zp
1607,yalova,32,ortaokul,5500,mp
1608,ordu,61,lise,5500,zp
1609,antalya,53,lisans,5500,ip
1610,ankara,31,ilkokul,8750,zp
1611,gaziantep,40,ortaokul,12000,akp
1612,trabzon,41,ilkokul,5500,zp
1613,ardahan,72,lisans,7500,zp
1614,usak,36,ilkokul,9000,akp
1615,ordu,30,ortaokul,7500,mhp
1616,nigde,38,lisans,7500,deva
1617,zonguldak,74,lise,5500,mhp
1618,duzce,21,lise,8750,akp
1619,mugla,31,ilkokul,5500,mp
1620,bolu,27,lise,8750,mp
1621,sanliurfa,50,lisans,12000,chp
1622,mus,25,ortaokul,7500,zp
1623,gaziantep,73,lisans,8750,akp
1624,aksaray,47,ilkokul,9000,chp
1625,mus,29,lisans,7500,akp
1626,canakkale,28,lise,7500,ip
1627,malatya,49,lise,5500,akp
1628,kutahya,26,lise,9000,ip
1629,kastamonu,56,ortaokul,8750,zp
1630,corum,43,ortaokul,7500,akp
1631,erzincan,29,lise,12000,mhp
1632,hatay,73,ortaokul,5500,mp
1633,mardin,24,lise,8750,chp
1634,nevsehir,67,lisans,8750,akp
1635,nevsehir,30,lise,5500,akp
1636,tokat,74,ortaokul,8750,mp
1637,kilis,26,lisans,12000,chp
1638,kilis,29,lise,12000,akp
1639,agri,55,ortaokul,5500,akp
1640,afyonkarahisar,22,ortaokul,8750,akp
1641,yozgat,28,ilkokul,5500,mp
1642,malatya,51,lisans,7500,mp
1643,rize,51,ortaokul,8750,zp
1644,diyarbakir,62,lise,7500,akp
1645,artvin,63,lise,7500,zp
1646,denizli,34,lise,7500,akp
1647,kirikkale,20,ilkokul,5500,chp
1648,siirt,59,ilkokul,8750,ip
1649,mugla,48,ilkokul,9000,mp
1650,kars,49,lise,5500,zp
1651,tokat,27,lisans,5500,chp
1652,rize,18,ilkokul,5500,chp
1653,kirklareli,29,ortaokul,5500,mhp
1654,antalya,41,lisans,7500,akp
1655,aksaray,56,ilkokul,5500,zp
1656,bilecik,43,lisans,7500,mhp
1657,ordu,34,lisans,5500,zp
1658,mugla,20,ortaokul,5500,akp
1659,cankiri,63,lisans,8750,mp
1660,kirikkale,32,ilkokul,8750,akp
1661,usak,75,ilkokul,12000,chp
1662,sakarya,50,ortaokul,7500,akp
1663,kilis,41,lisans,5500,akp
1664,kirklareli,53,ortaokul,12000,dp
1665,erzincan,40,lise,8750,chp
1666,gaziantep,18,lise,7500,zp
1667,duzce,64,lise,5500,zp
1668,agri,55,ortaokul,5500,akp
1669,gaziantep,46,ilkokul,5500,zp
1670,bilecik,41,ortaokul,5500,mhp
1671,balikesir,24,ortaokul,8750,sp
1672,cankiri,39,lisans,7500,akp
1673,bursa,51,lisans,8750,mp
1674,usak,61,ilkokul,8750,mp
1675,kilis,44,ortaokul,5500,akp
1676,tekirdag,48,lise,5500,akp
1677,kocaeli,55,lise,5500,zp
1678,yozgat,28,lise,8750,zp
1679,osmaniye,69,ilkokul,5500,akp
1680,aydin,59,ortaokul,7500,chp
1681,agri,36,ilkokul,9000,bbp
1682,kayseri,70,lise,9000,mp
1683,nevsehir,38,lisans,8750,ip
1684,cankiri,49,lisans,7500,akp
1685,samsun,69,lisans,8750,zp
1686,malatya,27,lise,5500,akp
1687,antalya,64,lise,9000,akp
1688,tekirdag,74,ortaokul,7500,zp
1689,burdur,27,lisans,8750,zp
1690,hatay,22,ilkokul,5500,akp
1691,tokat,70,ilkokul,5500,zp
1692,mersin,57,lisans,5500,deva
1693,aksaray,33,lisans,5500,zp
1694,sivas,39,ilkokul,5500,zp
1695,bartin,23,ortaokul,5500,akp
1696,karabuk,58,lisans,7500,zp
1697,kahramanmaras,68,lisans,5500,zp
1698,erzurum,46,ortaokul,5500,mp
1699,ardahan,49,lise,8750,akp
1700,osmaniye,57,ortaokul,5500,zp
1701,kirikkale,46,ortaokul,12000,akp
1702,kilis,64,lise,12000,mp
1703,kocaeli,21,lise,9000,zp
1704,adiyaman,63,ortaokul,8750,akp
1705,kirsehir,26,lise,9000,zp
1706,duzce,45,ortaokul,5500,mp
1707,amasya,31,lisans,5500,akp
1708,konya,34,ortaokul,12000,mp
1709,siirt,60,lisans,5500,zp
1710,kirsehir,61,lise,5500,akp
1711,kayseri,36,ilkokul,5500,chp
1712,nigde,70,lise,8750,akp
1713,bolu,68,ilkokul,5500,ip
1714,zonguldak,19,lisans,8750,mp
1715,sinop,59,ilkokul,8750,ip
1716,amasya,34,ortaokul,7500,zp
1717,denizli,47,lise,8750,zp
1718,ýstanbul,27,ortaokul,5500,bbp
1719,gumushane,51,lisans,5500,zp
1720,malatya,35,lisans,8750,dp
1721,ardahan,71,ortaokul,9000,mhp
1722,sakarya,33,lise,8750,mp
1723,mus,67,ilkokul,5500,akp
1724,mersin,55,lise,9000,dp
1725,antalya,51,lisans,5500,zp
1726,nevsehir,18,lise,7500,sp
1727,sakarya,42,ilkokul,5500,zp
1728,trabzon,73,lisans,7500,akp
1729,bingol,71,lise,7500,zp
1730,bilecik,35,ilkokul,9000,mp
1731,artvin,27,lisans,12000,zp
1732,kastamonu,56,lise,12000,mhp
1733,tunceli,32,lisans,8750,mp
1734,burdur,64,ilkokul,12000,zp
1735,usak,41,ilkokul,7500,mhp
1736,ýsparta,21,lisans,5500,mp
1737,burdur,60,lisans,5500,akp
1738,zonguldak,38,lise,12000,akp
1739,burdur,44,ilkokul,8750,mp
1740,karabuk,32,lisans,8750,zp
1741,manisa,59,lise,5500,zp
1742,trabzon,37,ortaokul,5500,zp
1743,antalya,48,lisans,5500,mp
1744,kars,69,lise,9000,akp
1745,yozgat,43,lisans,5500,akp
1746,corum,27,ilkokul,5500,ip
1747,edirne,45,ilkokul,7500,zp
1748,usak,36,ilkokul,7500,akp
1749,cankiri,51,ortaokul,7500,zp
1750,hakkari,26,lise,5500,zp
1751,corum,75,lise,5500,chp
1752,aksaray,59,lise,7500,ip
1753,bursa,24,ortaokul,9000,mp
1754,sivas,58,ortaokul,8750,ip
1755,ýsparta,19,lise,5500,akp
1756,agri,51,lise,7500,akp
1757,erzurum,52,ortaokul,5500,akp
1758,edirne,34,lise,7500,ip
1759,afyonkarahisar,23,ortaokul,8750,ip
1760,bitlis,36,ilkokul,5500,mp
1761,giresun,67,ortaokul,5500,mhp
1762,ýstanbul,26,lisans,9000,akp
1763,eskisehir,48,lise,5500,zp
1764,erzurum,28,ilkokul,5500,bbp
1765,diyarbakir,57,lisans,12000,chp
1766,canakkale,56,lisans,5500,chp
1767,kahramanmaras,51,lise,9000,dp
1768,ýgdir,67,ilkokul,5500,mhp
1769,ýsparta,65,lisans,5500,ip
1770,sirnak,74,ilkokul,7500,akp
1771,aydin,67,ilkokul,8750,zp
1772,bayburt,35,lise,5500,mhp
1773,bartin,75,ortaokul,5500,mp
1774,mus,55,ortaokul,12000,zp
1775,mus,68,ilkokul,8750,mp
1776,ýstanbul,65,lise,12000,akp
1777,bartin,54,lisans,12000,ip
1778,bingol,45,ortaokul,8750,zp
1779,sivas,72,ortaokul,5500,chp
1780,amasya,40,lisans,5500,mhp
1781,artvin,71,lisans,8750,zp
1782,aydin,75,ilkokul,12000,zp
1783,kahramanmaras,31,lisans,5500,zp
1784,hatay,23,lise,7500,akp
1785,bolu,18,lise,8750,chp
1786,karaman,45,lise,9000,akp
1787,aydin,27,ilkokul,5500,mhp
1788,manisa,20,ortaokul,8750,akp
1789,ýsparta,32,lise,7500,chp
1790,elazig,48,lise,9000,sp
1791,kutahya,59,ortaokul,5500,akp
1792,ordu,59,lise,8750,mp
1793,sinop,57,lise,5500,chp
1794,yozgat,37,ilkokul,12000,mhp
1795,burdur,40,lisans,9000,ip
1796,bolu,18,lisans,5500,bbp
1797,siirt,71,lisans,12000,zp
1798,amasya,74,lise,12000,chp
1799,gumushane,56,lise,8750,zp
1800,zonguldak,28,lisans,7500,akp
1801,sinop,51,lise,5500,deva
1802,hatay,54,ortaokul,5500,mp
1803,mus,18,ilkokul,5500,deva
1804,artvin,62,ilkokul,5500,akp
1805,tekirdag,60,lise,5500,zp
1806,karaman,33,lise,12000,bbp
1807,nevsehir,50,ilkokul,8750,zp
1808,artvin,53,lise,7500,akp
1809,gaziantep,49,lisans,5500,akp
1810,kastamonu,50,lisans,8750,zp
1811,bolu,38,ortaokul,5500,akp
1812,nigde,38,lisans,8750,dp
1813,sanliurfa,40,lise,7500,akp
1814,tunceli,22,lisans,5500,zp
1815,batman,51,lise,5500,mp
1816,artvin,63,lise,5500,ip
1817,edirne,60,lise,7500,chp
1818,sinop,32,ilkokul,8750,akp
1819,kars,49,lisans,12000,akp
1820,nigde,52,ilkokul,5500,ip
1821,cankiri,55,ortaokul,5500,mhp
1822,sinop,60,lise,8750,dp
1823,erzurum,74,ortaokul,8750,mp
1824,manisa,63,ortaokul,7500,chp
1825,nevsehir,70,lisans,5500,mp
1826,kutahya,23,lise,5500,mp
1827,konya,25,ilkokul,7500,zp
1828,zonguldak,70,lise,7500,mp
1829,tokat,63,lisans,5500,zp
1830,usak,63,lisans,9000,ip
1831,kastamonu,31,ortaokul,8750,dp
1832,mersin,65,lise,5500,chp
1833,ordu,59,lise,12000,zp
1834,ankara,52,lise,9000,akp
1835,samsun,20,ilkokul,5500,chp
1836,sinop,18,ortaokul,5500,mp
1837,bolu,43,lise,5500,akp
1838,kayseri,59,lisans,9000,mp
1839,balikesir,42,ortaokul,7500,akp
1840,kilis,74,ortaokul,8750,chp
1841,trabzon,26,lise,8750,mp
1842,hakkari,44,lise,12000,zp
1843,antalya,70,ortaokul,9000,akp
1844,van,21,lisans,8750,akp
1845,kocaeli,30,lisans,7500,zp
1846,afyonkarahisar,36,ilkokul,8750,chp
1847,aksaray,61,ilkokul,9000,chp
1848,ýsparta,51,ortaokul,7500,zp
1849,balikesir,52,ortaokul,8750,zp
1850,afyonkarahisar,59,ilkokul,8750,zp
1851,ýgdir,32,ilkokul,8750,deva
1852,kastamonu,63,lisans,5500,mp
1853,zonguldak,56,lisans,9000,mp
1854,manisa,52,ilkokul,7500,akp
1855,kayseri,27,ilkokul,12000,chp
1856,usak,70,ortaokul,8750,chp
1857,ýstanbul,31,lise,7500,akp
1858,mus,19,lisans,5500,mp
1859,hakkari,64,lisans,9000,chp
1860,kirklareli,20,ortaokul,7500,zp
1861,adiyaman,63,lisans,5500,zp
1862,batman,63,ilkokul,5500,ip
1863,canakkale,40,lise,5500,akp
1864,edirne,33,lise,5500,akp
1865,bingol,53,ilkokul,8750,mp
1866,kutahya,51,lise,9000,deva
1867,kayseri,41,lisans,8750,zp
1868,diyarbakir,41,ilkokul,8750,chp
1869,amasya,56,ortaokul,12000,akp
1870,afyonkarahisar,52,lisans,5500,mhp
1871,bingol,26,lise,7500,mhp
1872,ardahan,42,lisans,5500,ip
1873,ýsparta,26,ortaokul,12000,akp
1874,kirklareli,46,lisans,5500,chp
1875,kastamonu,23,lise,5500,ip
1876,erzurum,21,ilkokul,7500,akp
1877,sivas,61,lisans,5500,zp
1878,agri,71,lise,9000,bbp
1879,afyonkarahisar,65,ilkokul,8750,ip
1880,nevsehir,28,ortaokul,7500,ip
1881,ýgdir,32,ilkokul,8750,mp
1882,antalya,28,lise,9000,sp
1883,nigde,23,ilkokul,7500,zp
1884,balikesir,34,ortaokul,7500,dp
1885,siirt,55,ortaokul,5500,akp
1886,yalova,52,ilkokul,9000,akp
1887,kayseri,72,lise,5500,akp
1888,siirt,63,lise,5500,mp
1889,kirikkale,30,ortaokul,7500,sp
1890,karaman,71,lise,9000,akp
1891,amasya,45,ortaokul,5500,akp
1892,ýzmir,39,lise,5500,akp
1893,hatay,34,ilkokul,7500,dp
1894,kahramanmaras,50,lisans,9000,zp
1895,gaziantep,28,lisans,8750,sp
1896,gaziantep,20,ilkokul,9000,ip
1897,malatya,42,lise,8750,deva
1898,nevsehir,50,lisans,8750,mhp
1899,bartin,75,ilkokul,5500,akp
1900,kastamonu,69,lise,5500,deva
1901,burdur,51,lisans,12000,zp
1902,hatay,34,lisans,7500,mhp
1903,tekirdag,71,lisans,7500,ip
1904,aydin,43,ilkokul,12000,akp
1905,rize,66,ortaokul,5500,sp
1906,hatay,27,lisans,5500,zp
1907,mersin,63,ilkokul,12000,ip
1908,karaman,62,ilkokul,5500,mp
1909,mugla,70,ortaokul,12000,dp
1910,bilecik,31,lisans,8750,zp
1911,duzce,39,lisans,7500,akp
1912,elazig,41,ilkokul,5500,zp
1913,bursa,60,ortaokul,7500,sp
1914,zonguldak,36,lisans,5500,chp
1915,karabuk,20,lise,7500,zp
1916,tekirdag,64,lise,5500,akp
1917,bilecik,29,lise,7500,akp
1918,ýzmir,34,lisans,7500,zp
1919,ordu,51,lise,8750,zp
1920,usak,33,lisans,7500,mhp
1921,bingol,28,lise,12000,zp
1922,yalova,40,lisans,5500,akp
1923,manisa,30,ilkokul,5500,mp
1924,eskisehir,31,ortaokul,7500,mp
1925,usak,39,lisans,8750,sp
1926,tunceli,75,ortaokul,5500,chp
1927,manisa,59,ilkokul,5500,akp
1928,kirsehir,75,ilkokul,9000,zp
1929,yalova,56,lise,12000,chp
1930,van,24,ilkokul,5500,mp
1931,manisa,21,ortaokul,7500,akp
1932,kastamonu,53,lisans,5500,zp
1933,corum,26,lisans,8750,bbp
1934,agri,24,lisans,5500,mp
1935,amasya,38,ilkokul,5500,bbp
1936,van,70,ortaokul,7500,akp
1937,artvin,43,ortaokul,7500,akp
1938,elazig,24,lisans,5500,zp
1939,tekirdag,50,ortaokul,5500,bbp
1940,sanliurfa,71,ilkokul,7500,mp
1941,eskisehir,51,lisans,5500,ip
1942,bingol,67,ilkokul,8750,zp
1943,denizli,55,ilkokul,12000,zp
1944,mugla,41,ortaokul,5500,deva
1945,kars,32,lisans,8750,akp
1946,karabuk,53,ortaokul,9000,zp
1947,ýstanbul,70,lisans,12000,mp
1948,kirsehir,48,ilkokul,8750,mhp
1949,eskisehir,29,lise,5500,akp
1950,mugla,38,lisans,8750,mhp
1951,nigde,53,lise,9000,akp
1952,osmaniye,39,lise,5500,chp
1953,yalova,48,lisans,5500,mhp
1954,sanliurfa,62,ortaokul,7500,akp
1955,amasya,49,ilkokul,5500,ip
1956,siirt,20,ilkokul,5500,ip
1957,mugla,75,ortaokul,7500,mp
1958,usak,54,ilkokul,9000,akp
1959,ýgdir,54,ortaokul,7500,deva
1960,ýstanbul,73,ilkokul,7500,akp
1961,mugla,68,ilkokul,5500,zp
1962,konya,34,ilkokul,8750,mp
1963,adiyaman,56,lisans,12000,zp
1964,rize,26,lise,5500,zp
1965,batman,40,ilkokul,5500,akp
1966,karabuk,69,lisans,9000,deva
1967,edirne,73,ortaokul,12000,akp
1968,artvin,35,lise,9000,akp
1969,sanliurfa,61,ortaokul,8750,zp
1970,ýstanbul,51,ilkokul,7500,zp
1971,adana,27,lise,5500,deva
1972,adiyaman,33,ortaokul,5500,akp
1973,ýstanbul,28,ilkokul,5500,zp
1974,duzce,65,ortaokul,9000,sp
1975,kirikkale,54,ortaokul,7500,mp
1976,kahramanmaras,39,lise,5500,zp
1977,gaziantep,20,lisans,9000,mp
1978,sivas,43,ortaokul,9000,bbp
1979,antalya,28,ilkokul,8750,chp
1980,sirnak,60,ilkokul,12000,akp
1981,canakkale,37,ilkokul,5500,akp
1982,giresun,48,lise,5500,akp
1983,nigde,69,ilkokul,7500,bbp
1984,zonguldak,48,lisans,7500,sp
1985,karaman,75,ortaokul,7500,ip
1986,ordu,47,ilkokul,5500,ip
1987,ýzmir,27,lisans,5500,chp
1988,manisa,53,ilkokul,5500,chp
1989,trabzon,44,lisans,5500,sp
1990,giresun,18,ilkokul,5500,akp
1991,afyonkarahisar,38,lisans,5500,zp
1992,mugla,25,ilkokul,5500,ip
1993,bingol,74,ilkokul,9000,zp
1994,kirikkale,23,lise,8750,akp
1995,manisa,50,ilkokul,12000,akp
1996,bursa,49,lisans,7500,chp
1997,konya,37,lisans,5500,akp
1998,karabuk,61,lise,12000,akp
1999,batman,22,ilkokul,8750,mp
2000,manisa,27,lisans,9000,akp
2001,bilecik,64,ortaokul,5500,chp
2002,denizli,34,lisans,8750,zp
2003,afyonkarahisar,37,lisans,5500,chp
2004,erzincan,71,ilkokul,7500,mp
2005,ýstanbul,59,ilkokul,7500,chp
2006,canakkale,67,ilkokul,8750,chp
2007,cankiri,47,lisans,5500,chp
2008,manisa,56,ortaokul,7500,akp
2009,tokat,63,lisans,5500,sp
2010,bartin,36,lise,5500,akp
2011,yozgat,55,ilkokul,5500,ip
2012,sirnak,33,lisans,8750,akp
2013,trabzon,19,lisans,5500,zp
2014,kars,48,ortaokul,5500,chp
2015,karabuk,37,ilkokul,8750,chp
2016,sakarya,67,ilkokul,8750,mp
2017,kilis,25,lisans,7500,mp
2018,agri,66,ortaokul,5500,akp
2019,van,34,lise,7500,ip
2020,yozgat,28,ortaokul,12000,akp
2021,karabuk,26,lisans,8750,ip
2022,balikesir,50,ortaokul,7500,akp
2023,diyarbakir,64,lise,7500,chp
2024,sivas,59,ilkokul,8750,ip
2025,sivas,40,lisans,7500,mp
2026,afyonkarahisar,34,ortaokul,7500,akp
2027,batman,34,lise,7500,akp
2028,kahramanmaras,71,ilkokul,5500,zp
2029,eskisehir,51,ortaokul,5500,akp
2030,tekirdag,68,lisans,5500,mhp
2031,ýsparta,39,ortaokul,9000,sp
2032,elazig,41,ortaokul,5500,chp
2033,amasya,35,lise,7500,sp
2034,kayseri,73,ortaokul,7500,deva
2035,adiyaman,41,lisans,8750,chp
2036,nigde,29,lisans,5500,zp
2037,trabzon,68,lise,9000,mp
2038,edirne,50,lise,5500,dp
2039,hakkari,36,ilkokul,5500,chp
2040,mugla,32,lise,8750,ip
2041,aydin,55,ortaokul,5500,bbp
2042,konya,40,ilkokul,5500,akp
2043,malatya,34,ilkokul,5500,akp
2044,yozgat,20,ilkokul,5500,mp
2045,kirklareli,69,ortaokul,9000,akp
2046,van,57,ortaokul,7500,akp
2047,amasya,22,lise,5500,akp
2048,yozgat,44,ortaokul,9000,zp
2049,kocaeli,75,lisans,5500,sp
2050,bayburt,28,lisans,8750,akp
2051,tekirdag,62,ilkokul,9000,bbp
2052,erzurum,33,lise,8750,zp
2053,bilecik,21,ilkokul,7500,zp
2054,gumushane,46,ortaokul,12000,ip
2055,sakarya,36,ilkokul,5500,akp
2056,denizli,29,ilkokul,5500,sp
2057,kastamonu,46,lise,8750,akp
2058,eskisehir,38,ortaokul,8750,akp
2059,edirne,40,ortaokul,5500,zp
2060,kirklareli,55,lisans,8750,akp
2061,aydin,26,lise,12000,zp
2062,sanliurfa,64,lisans,9000,zp
2063,mardin,30,lise,5500,bbp
2064,bayburt,63,ilkokul,8750,akp
2065,mugla,22,lise,12000,mp
2066,adiyaman,71,ilkokul,8750,deva
2067,agri,38,lise,9000,akp
2068,gumushane,45,ilkokul,7500,akp
2069,rize,56,lise,8750,zp
2070,samsun,35,ortaokul,5500,ip
2071,amasya,68,lisans,5500,akp
2072,ordu,66,ilkokul,7500,dp
2073,tunceli,62,lise,7500,dp
2074,konya,58,lise,12000,zp
2075,corum,30,lisans,5500,deva
2076,siirt,22,lise,8750,akp
2077,tunceli,60,ortaokul,8750,akp
2078,edirne,39,ortaokul,5500,akp
2079,corum,43,lisans,5500,chp
2080,karaman,36,lisans,5500,sp
2081,tunceli,41,ortaokul,7500,akp
2082,amasya,46,ilkokul,5500,mp
2083,tekirdag,20,ortaokul,5500,zp
2084,aksaray,24,lisans,12000,bbp
2085,kocaeli,72,ilkokul,9000,akp
2086,ýzmir,64,lise,8750,zp
2087,mugla,25,lisans,9000,mhp
2088,cankiri,48,ilkokul,7500,akp
2089,sakarya,68,lisans,5500,dp
2090,mus,64,ortaokul,5500,zp
2091,konya,70,ilkokul,7500,chp
2092,giresun,26,ilkokul,5500,akp
2093,elazig,36,lisans,5500,mp
2094,nigde,40,lise,7500,akp
2095,agri,51,lise,5500,akp
2096,samsun,41,ilkokul,7500,chp
2097,nevsehir,22,lisans,5500,ip
2098,balikesir,36,ortaokul,5500,mhp
2099,kutahya,38,ilkokul,7500,zp
2100,siirt,66,lise,7500,akp
2101,kocaeli,42,lisans,7500,zp
2102,antalya,32,ilkokul,9000,mhp
2103,ýsparta,26,ortaokul,5500,chp
2104,kars,74,ilkokul,7500,chp
2105,diyarbakir,36,ilkokul,8750,zp
2106,mus,33,lisans,8750,sp
2107,mus,75,lise,5500,zp
2108,ýsparta,45,ortaokul,8750,mp
2109,kayseri,65,ilkokul,5500,zp
2110,sirnak,23,ortaokul,12000,zp
2111,samsun,65,lise,7500,akp
2112,mus,65,ilkokul,5500,mhp
2113,ordu,51,ortaokul,5500,mhp
2114,ýgdir,18,lise,8750,mp
2115,trabzon,29,lisans,9000,zp
2116,bartin,59,ilkokul,7500,mp
2117,edirne,33,lise,5500,zp
2118,kilis,20,lise,7500,zp
2119,konya,35,ortaokul,8750,zp
2120,kars,49,ilkokul,5500,zp
2121,kirsehir,68,ortaokul,5500,akp
2122,adana,37,lisans,7500,dp
2123,kayseri,19,ilkokul,8750,ip
2124,trabzon,21,ortaokul,5500,zp
2125,sanliurfa,41,lisans,5500,akp
2126,diyarbakir,25,ortaokul,7500,zp
2127,canakkale,52,ortaokul,5500,chp
2128,tekirdag,55,lise,7500,zp
2129,aksaray,59,ortaokul,5500,zp
2130,usak,67,ortaokul,5500,zp
2131,manisa,49,ilkokul,7500,mp
2132,eskisehir,34,ortaokul,5500,mhp
2133,canakkale,55,ilkokul,5500,mp
2134,osmaniye,73,lise,5500,mp
2135,mardin,23,ortaokul,5500,dp
2136,erzurum,62,ortaokul,7500,chp
2137,bolu,19,lise,5500,ip
2138,zonguldak,66,ilkokul,5500,mp
2139,kirsehir,31,lise,5500,chp
2140,hakkari,31,ilkokul,8750,zp
2141,kirklareli,61,ortaokul,9000,mhp
2142,eskisehir,70,lise,12000,mp
2143,diyarbakir,59,lisans,7500,chp
2144,aydin,61,lise,9000,akp
2145,kilis,23,ilkokul,5500,mhp
2146,antalya,42,lise,7500,zp
2147,edirne,44,lisans,5500,zp
2148,rize,65,ortaokul,9000,zp
2149,kirklareli,19,lise,5500,mp
2150,burdur,51,ortaokul,5500,akp
2151,kars,28,lise,7500,akp
2152,hakkari,23,ilkokul,5500,ip
2153,edirne,50,lisans,7500,sp
2154,corum,39,ortaokul,5500,zp
2155,hatay,38,lise,8750,akp
2156,afyonkarahisar,51,lisans,8750,zp
2157,yozgat,71,ilkokul,5500,chp
2158,kirsehir,47,lise,5500,mp
2159,batman,31,ortaokul,5500,akp
2160,sanliurfa,72,lise,8750,zp
2161,canakkale,58,lisans,7500,mhp
2162,bitlis,25,ilkokul,5500,zp
2163,afyonkarahisar,44,lisans,7500,ip
2164,kirklareli,44,ortaokul,5500,akp
2165,aydin,28,ilkokul,5500,mhp
2166,eskisehir,32,lisans,9000,chp
2167,hakkari,33,lisans,5500,chp
2168,osmaniye,25,lisans,12000,mp
2169,elazig,68,lise,8750,akp
2170,yalova,69,ortaokul,5500,mhp
2171,ardahan,25,lisans,5500,zp
2172,diyarbakir,52,ortaokul,5500,zp
2173,denizli,24,lise,7500,zp
2174,usak,26,lise,9000,chp
2175,antalya,70,ortaokul,5500,mp
2176,bartin,66,lise,5500,zp
2177,yalova,21,ilkokul,7500,sp
2178,bitlis,66,lisans,8750,zp
2179,kahramanmaras,40,lise,8750,akp
2180,eskisehir,44,lisans,5500,akp
2181,ankara,49,ortaokul,7500,zp
2182,giresun,41,ilkokul,7500,akp
2183,kars,44,ilkokul,7500,mp
2184,ordu,56,ilkokul,12000,zp
2185,kilis,75,ilkokul,7500,mp
2186,adana,42,ortaokul,8750,ip
2187,bingol,57,lisans,5500,zp
2188,sinop,50,ilkokul,9000,ip
2189,tunceli,22,lise,8750,mp
2190,kayseri,50,ortaokul,5500,mp
2191,duzce,74,ilkokul,8750,zp
2192,kars,25,ortaokul,5500,akp
2193,aydin,60,ortaokul,9000,sp
2194,kayseri,50,ortaokul,7500,mp
2195,ýstanbul,51,ortaokul,8750,ip
2196,konya,74,ortaokul,12000,akp
2197,mus,49,lise,9000,mhp
2198,kayseri,65,ortaokul,5500,akp
2199,kahramanmaras,55,lisans,5500,akp
2200,samsun,18,ortaokul,7500,zp
2201,kirsehir,36,ortaokul,5500,mhp
2202,osmaniye,31,lisans,5500,zp
2203,bursa,37,ilkokul,8750,akp
2204,erzurum,64,ilkokul,5500,akp
2205,karabuk,67,lisans,7500,akp
2206,ordu,31,lisans,8750,chp
2207,duzce,67,lisans,7500,zp
2208,gumushane,54,ilkokul,8750,akp
2209,antalya,43,ilkokul,7500,ip
2210,elazig,37,ortaokul,7500,akp
2211,tekirdag,22,ilkokul,5500,mp
2212,amasya,58,ortaokul,8750,sp
2213,bolu,36,lise,12000,mp
2214,malatya,41,lisans,12000,mhp
2215,tokat,61,ilkokul,9000,zp
2216,duzce,34,ilkokul,5500,chp
2217,bilecik,32,lise,7500,bbp
2218,kilis,66,ilkokul,9000,zp
2219,sirnak,73,lisans,5500,akp
2220,mardin,45,lisans,5500,zp
2221,corum,72,ilkokul,8750,zp
2222,sanliurfa,72,lisans,8750,ip
2223,ankara,53,ortaokul,5500,zp
2224,ýsparta,38,ortaokul,5500,ip
2225,bitlis,39,lisans,5500,mp
2226,kutahya,28,lise,7500,zp
2227,gaziantep,27,ilkokul,7500,zp
2228,kayseri,54,ortaokul,8750,dp
2229,balikesir,60,lisans,5500,chp
2230,corum,46,ilkokul,12000,chp
2231,adiyaman,70,lisans,7500,zp
2232,bingol,21,ilkokul,8750,akp
2233,usak,71,ilkokul,8750,zp
2234,samsun,69,lisans,5500,zp
2235,aydin,45,ortaokul,8750,ip
2236,malatya,61,ilkokul,8750,akp
2237,elazig,60,ortaokul,9000,sp
2238,batman,37,ilkokul,8750,zp
2239,ýstanbul,37,lise,5500,mhp
2240,kirklareli,56,lisans,12000,mp
2241,bursa,69,lisans,5500,mhp
2242,ýstanbul,60,ortaokul,5500,akp
2243,yalova,50,lise,8750,akp
2244,kars,54,ortaokul,8750,chp
2245,sirnak,33,lisans,12000,chp
2246,erzincan,39,lise,7500,mhp
2247,van,38,lise,5500,mp
2248,giresun,70,lise,5500,mhp
2249,karaman,45,ilkokul,12000,zp
2250,artvin,38,ortaokul,5500,dp
2251,batman,70,lise,7500,mp
2252,ardahan,39,ortaokul,9000,mp
2253,siirt,53,lise,9000,akp
2254,ýstanbul,58,ortaokul,5500,mp
2255,tekirdag,28,ortaokul,9000,akp
2256,batman,49,ilkokul,8750,ip
2257,bursa,70,ilkokul,5500,mp
2258,hakkari,40,ilkokul,5500,chp
2259,duzce,47,lise,7500,chp
2260,sirnak,49,ortaokul,7500,mp
2261,bolu,69,ilkokul,5500,mhp
2262,ýgdir,54,ilkokul,5500,deva
2263,van,46,lisans,5500,akp
2264,aksaray,35,ilkokul,7500,mhp
2265,sivas,67,ilkokul,5500,zp
2266,cankiri,58,lise,9000,akp
2267,canakkale,28,lise,5500,mp
2268,canakkale,34,lisans,7500,mp
2269,tunceli,42,lise,5500,ip
2270,kirklareli,58,ortaokul,5500,zp
2271,ýzmir,33,ilkokul,7500,chp
2272,nigde,45,lise,8750,zp
2273,gumushane,44,ilkokul,7500,zp
2274,manisa,39,lisans,12000,mp
2275,yalova,58,lisans,7500,akp
2276,bitlis,55,ilkokul,7500,chp
2277,ýstanbul,65,ilkokul,5500,zp
2278,sirnak,47,lisans,12000,zp
2279,ordu,71,lisans,7500,zp
2280,gumushane,29,lise,12000,akp
2281,mugla,26,ortaokul,8750,zp
2282,osmaniye,39,ortaokul,7500,zp
2283,denizli,56,lise,5500,ip
2284,kayseri,56,lise,7500,mp
2285,hatay,42,ilkokul,5500,zp
2286,bartin,29,ortaokul,5500,akp
2287,ýgdir,74,ortaokul,8750,sp
2288,bingol,73,lisans,7500,akp
2289,burdur,26,ortaokul,5500,zp
2290,cankiri,48,ilkokul,12000,zp
2291,osmaniye,24,lisans,9000,mp
2292,kars,52,ortaokul,5500,deva
2293,bilecik,70,lise,7500,akp
2294,agri,52,ortaokul,5500,mhp
2295,bursa,26,lisans,7500,akp
2296,siirt,72,ortaokul,7500,dp
2297,eskisehir,34,ortaokul,7500,mhp
2298,mardin,22,ilkokul,9000,akp
2299,adiyaman,36,ortaokul,7500,akp
2300,tunceli,64,lise,7500,akp
2301,artvin,39,ilkokul,5500,akp
2302,yalova,29,lisans,5500,akp
2303,tokat,22,ortaokul,5500,zp
2304,sakarya,65,ilkokul,12000,mhp
2305,kars,51,lisans,5500,akp
2306,sirnak,28,lise,12000,chp
2307,canakkale,37,ortaokul,8750,zp
2308,tekirdag,49,ortaokul,7500,akp
2309,yalova,25,lise,7500,mp
2310,canakkale,41,lise,5500,mhp
2311,artvin,28,ilkokul,5500,mp
2312,kirsehir,19,ilkokul,5500,mp
2313,kastamonu,23,ilkokul,8750,zp
2314,mardin,43,lise,8750,akp
2315,bilecik,33,lise,9000,mhp
2316,tekirdag,63,ilkokul,12000,akp
2317,denizli,40,lise,5500,mp
2318,bursa,20,lise,9000,zp
2319,eskisehir,67,lisans,9000,chp
2320,adana,35,lise,7500,akp
2321,balikesir,61,ilkokul,7500,zp
2322,bitlis,44,ilkokul,7500,mhp
2323,ýstanbul,68,lise,8750,sp
2324,erzincan,29,ilkokul,5500,zp
2325,kocaeli,38,lisans,7500,chp
2326,sinop,19,lise,7500,chp
2327,bayburt,50,ortaokul,5500,mp
2328,hakkari,71,ortaokul,12000,mp
2329,canakkale,65,lisans,5500,bbp
2330,yalova,40,lise,7500,mhp
2331,gaziantep,49,lise,7500,akp
2332,zonguldak,63,ilkokul,5500,zp
2333,corum,50,lisans,5500,zp
2334,batman,56,lisans,5500,zp
2335,cankiri,63,ortaokul,5500,zp
2336,kocaeli,21,lisans,9000,akp
2337,yozgat,40,lisans,7500,mp
2338,artvin,51,ilkokul,7500,zp
2339,mugla,74,lisans,12000,akp
2340,bursa,69,lise,8750,ip
2341,burdur,61,ilkokul,5500,chp
2342,usak,45,ilkokul,9000,bbp
2343,nevsehir,57,ilkokul,5500,zp
2344,cankiri,33,ilkokul,8750,mp
2345,duzce,22,lisans,5500,sp
2346,cankiri,21,lisans,5500,akp
2347,kocaeli,35,lisans,5500,chp
2348,adiyaman,42,lisans,9000,zp
2349,elazig,52,lisans,9000,mp
2350,samsun,75,lise,7500,zp
2351,nigde,45,ilkokul,7500,dp
2352,tokat,72,ortaokul,8750,mp
2353,ýstanbul,69,ilkokul,8750,zp
2354,erzincan,23,ilkokul,5500,chp
2355,mersin,51,ortaokul,7500,deva
2356,sivas,36,ilkokul,5500,ip
2357,gumushane,61,lisans,5500,akp
2358,corum,52,ilkokul,8750,mp
2359,ýsparta,23,ilkokul,5500,akp
2360,erzurum,48,ortaokul,8750,zp
2361,ordu,69,lise,5500,sp
2362,sinop,46,lisans,8750,mp
2363,denizli,53,ortaokul,5500,dp
2364,sanliurfa,27,ilkokul,8750,zp
2365,mus,52,lisans,8750,akp
2366,kirikkale,31,ilkokul,8750,akp
2367,samsun,61,lisans,5500,zp
2368,bartin,62,ilkokul,5500,zp
2369,usak,54,lise,12000,zp
2370,siirt,55,lisans,12000,akp
2371,usak,40,ilkokul,8750,zp
2372,kahramanmaras,39,ilkokul,5500,mp
2373,ankara,55,ortaokul,5500,zp
2374,bilecik,22,lise,5500,zp
2375,kirsehir,60,ortaokul,9000,akp
2376,kastamonu,54,lisans,9000,deva
2377,yalova,44,lise,9000,chp
2378,corum,26,ortaokul,7500,zp
2379,artvin,42,ilkokul,12000,chp
2380,canakkale,66,ortaokul,7500,akp
2381,kars,62,ilkokul,5500,akp
2382,ýstanbul,56,lise,12000,deva
2383,canakkale,46,lisans,12000,zp
2384,kirsehir,30,lisans,5500,zp
2385,ýsparta,48,lisans,8750,mhp
2386,mus,23,ilkokul,7500,zp
2387,zonguldak,45,lisans,5500,akp
2388,bitlis,74,ilkokul,5500,ip
2389,ýzmir,52,ortaokul,5500,mp
2390,mugla,19,lisans,5500,mp
2391,adana,65,lisans,12000,akp
2392,hatay,32,ortaokul,8750,mp
2393,siirt,61,ilkokul,7500,mp
2394,hakkari,51,lisans,7500,deva
2395,nevsehir,37,ortaokul,5500,akp
2396,van,69,ortaokul,8750,akp
2397,mersin,18,lise,8750,mp
2398,sanliurfa,72,ortaokul,8750,mhp
2399,kastamonu,34,lisans,5500,mhp
2400,kahramanmaras,56,ilkokul,5500,mp
2401,van,69,ilkokul,12000,akp
2402,hakkari,74,ilkokul,9000,dp
2403,ordu,31,ilkokul,7500,zp
2404,tekirdag,44,lisans,5500,deva
2405,elazig,54,lisans,8750,chp
2406,yozgat,47,ilkokul,7500,bbp
2407,yalova,22,lisans,8750,dp
2408,ýgdir,28,ilkokul,12000,mhp
2409,kayseri,54,lise,5500,zp
2410,kirikkale,26,ilkokul,9000,deva
2411,duzce,70,lisans,5500,akp
2412,aksaray,54,ortaokul,5500,chp
2413,batman,60,lisans,7500,zp
2414,artvin,26,lisans,7500,chp
2415,kahramanmaras,33,lisans,8750,zp
2416,yozgat,28,lise,12000,akp
2417,sivas,39,ortaokul,8750,ip
2418,mugla,49,ilkokul,5500,mp
2419,erzurum,25,ilkokul,9000,sp
2420,karaman,55,lise,5500,dp
2421,sirnak,66,lisans,12000,mp
2422,duzce,29,ortaokul,7500,ip
2423,antalya,35,ortaokul,9000,akp
2424,zonguldak,30,ortaokul,8750,sp
2425,sinop,51,ilkokul,5500,zp
2426,bitlis,44,lisans,5500,chp
2427,adana,49,lise,9000,deva
2428,karabuk,70,lisans,12000,dp
2429,tokat,46,lisans,7500,chp
2430,sanliurfa,24,ilkokul,7500,mp
2431,burdur,26,ortaokul,7500,chp
2432,siirt,49,lise,7500,akp
2433,adana,73,ilkokul,7500,akp
2434,tokat,57,ortaokul,12000,chp
2435,erzincan,63,lise,7500,akp
2436,erzincan,32,ortaokul,7500,akp
2437,cankiri,67,lisans,8750,akp
2438,ankara,39,lisans,8750,zp
2439,nevsehir,75,lisans,5500,chp
2440,aksaray,45,lisans,5500,chp
2441,batman,39,lisans,5500,chp
2442,ýzmir,74,lise,7500,mp
2443,hatay,29,ortaokul,5500,zp
2444,diyarbakir,45,lisans,5500,deva
2445,siirt,36,lisans,5500,dp
2446,hakkari,46,lisans,12000,ip
2447,ardahan,53,ilkokul,5500,zp
2448,diyarbakir,56,lise,5500,zp
2449,kocaeli,48,lise,5500,ip
2450,konya,25,lise,5500,chp
2451,tekirdag,37,ilkokul,8750,mhp
2452,denizli,48,lisans,5500,chp
2453,adana,68,lise,9000,bbp
2454,sivas,27,lisans,5500,dp
2455,ýsparta,26,ilkokul,7500,chp
2456,erzincan,49,lise,7500,akp
2457,hakkari,51,ortaokul,5500,mp
2458,sirnak,19,ilkokul,7500,zp
2459,ýsparta,57,ilkokul,8750,ip
2460,hatay,21,ilkokul,8750,zp
2461,karaman,52,ortaokul,7500,akp
2462,usak,29,lise,8750,ip
2463,kirklareli,65,lise,12000,chp
2464,rize,39,lise,12000,chp
2465,siirt,44,lisans,5500,zp
2466,kirsehir,64,ilkokul,5500,zp
2467,kutahya,18,lise,7500,akp
2468,rize,66,lise,12000,dp
2469,kayseri,74,lisans,7500,zp
2470,sivas,62,ilkokul,7500,zp
2471,ardahan,31,lise,5500,dp
2472,yalova,28,ilkokul,12000,akp
2473,bitlis,58,ilkokul,12000,zp
2474,sinop,45,lisans,9000,deva
2475,trabzon,60,lisans,7500,akp
2476,gumushane,42,ortaokul,5500,zp
2477,yozgat,67,lisans,5500,mhp
2478,konya,66,lise,8750,mp
2479,yalova,48,ortaokul,7500,mp
2480,ýgdir,26,lise,8750,chp
2481,diyarbakir,48,lisans,5500,chp
2482,konya,53,ilkokul,5500,mp
2483,bitlis,33,ortaokul,8750,akp
2484,gumushane,63,lise,9000,akp
2485,bitlis,20,ortaokul,8750,ip
2486,bayburt,56,lisans,5500,mp
2487,bingol,56,ilkokul,5500,mp
2488,karaman,55,ortaokul,5500,chp
2489,kars,62,ortaokul,7500,chp
2490,agri,63,lise,5500,akp
2491,kahramanmaras,24,ilkokul,8750,mp
2492,afyonkarahisar,35,lisans,8750,mp
2493,yozgat,73,ortaokul,7500,mp
2494,gaziantep,27,ortaokul,5500,zp
2495,bursa,73,lise,8750,mp
2496,mersin,48,lise,8750,akp
2497,cankiri,75,ilkokul,7500,zp
2498,diyarbakir,44,ortaokul,8750,chp
2499,erzurum,69,ortaokul,5500,zp
2500,bartin,18,lise,8750,akp
2501,sirnak,29,lise,8750,chp
2502,kirsehir,22,ilkokul,7500,akp
2503,trabzon,71,lise,5500,zp
2504,manisa,62,lisans,12000,zp
2505,karabuk,37,ilkokul,8750,akp
2506,agri,61,ilkokul,5500,akp
2507,bingol,62,lise,8750,bbp
2508,adiyaman,31,lisans,5500,chp
2509,karaman,68,ilkokul,12000,dp
2510,rize,51,ilkokul,5500,zp
2511,kars,31,lise,8750,mhp
2512,adiyaman,56,ilkokul,5500,mhp
2513,mus,29,ortaokul,12000,akp
2514,bursa,19,ortaokul,7500,mhp
2515,afyonkarahisar,21,ortaokul,5500,zp
2516,cankiri,37,ortaokul,7500,zp
2517,elazig,69,lisans,7500,akp
2518,osmaniye,73,ilkokul,5500,akp
2519,tokat,48,lise,7500,akp
2520,bartin,46,ilkokul,5500,zp
2521,gaziantep,72,lisans,5500,zp
2522,malatya,42,ilkokul,5500,mhp
2523,sanliurfa,51,ilkokul,8750,zp
2524,sivas,74,lise,5500,ip
2525,kahramanmaras,45,lisans,5500,bbp
2526,tekirdag,44,ortaokul,5500,chp
2527,samsun,27,ilkokul,8750,akp
2528,kars,62,ilkokul,12000,zp
2529,mus,62,lisans,5500,akp
2530,diyarbakir,47,ortaokul,8750,akp
2531,mersin,59,ortaokul,8750,akp
2532,tokat,68,lise,5500,akp
2533,tokat,46,lisans,5500,mhp
2534,ankara,26,lise,7500,deva
2535,tunceli,61,lise,5500,deva
2536,kars,42,ortaokul,5500,mp
2537,yalova,66,ortaokul,8750,mp
2538,nigde,25,lisans,8750,deva
2539,bilecik,22,lisans,5500,zp
2540,yalova,50,ilkokul,7500,mp
2541,sirnak,46,ilkokul,7500,akp
2542,usak,46,ortaokul,5500,zp
2543,burdur,66,ilkokul,8750,zp
2544,aksaray,45,ilkokul,5500,sp
2545,bilecik,71,lise,7500,chp
2546,bayburt,38,ilkokul,8750,zp
2547,siirt,26,lise,7500,dp
2548,diyarbakir,70,ilkokul,7500,chp
2549,hakkari,55,lisans,8750,chp
2550,ýsparta,38,ilkokul,8750,mp
2551,erzincan,45,ilkokul,8750,ip
2552,hakkari,74,ortaokul,5500,mp
2553,konya,43,lise,5500,ip
2554,corum,39,lisans,9000,mp
2555,osmaniye,29,lise,8750,sp
2556,afyonkarahisar,65,ortaokul,7500,zp
2557,ýzmir,71,ortaokul,9000,chp
2558,sanliurfa,53,ilkokul,8750,zp
2559,bayburt,57,lisans,8750,bbp
2560,sivas,75,lise,8750,mp
2561,diyarbakir,51,ilkokul,8750,chp
2562,agri,58,lisans,5500,zp
2563,karabuk,30,lise,5500,akp
2564,adana,20,lise,7500,dp
2565,burdur,74,ilkokul,7500,akp
2566,karabuk,60,ortaokul,8750,chp
2567,yozgat,30,ortaokul,9000,zp
2568,denizli,29,ortaokul,8750,zp
2569,adiyaman,65,ilkokul,8750,zp
2570,kilis,23,ilkokul,5500,mp
2571,kahramanmaras,61,lisans,5500,zp
2572,sivas,72,ilkokul,12000,mp
2573,mugla,26,ilkokul,5500,mhp
2574,siirt,51,ilkokul,5500,ip
2575,kirikkale,60,ilkokul,5500,mp
2576,rize,53,ilkokul,5500,zp
2577,ýzmir,58,lise,8750,mp
2578,erzurum,46,ortaokul,7500,mp
2579,manisa,57,ilkokul,7500,ip
2580,kocaeli,43,ortaokul,5500,chp
2581,kars,21,lise,5500,zp
2582,bitlis,58,lise,8750,akp
2583,afyonkarahisar,61,ilkokul,5500,chp
2584,kayseri,58,lisans,7500,sp
2585,elazig,35,lise,9000,akp
2586,artvin,38,lisans,5500,mp
2587,diyarbakir,70,ortaokul,8750,akp
2588,balikesir,25,ilkokul,8750,dp
2589,corum,34,lise,7500,chp
2590,corum,20,ilkokul,12000,mhp
2591,antalya,18,ortaokul,5500,sp
2592,canakkale,52,ortaokul,5500,mp
2593,trabzon,48,ilkokul,5500,zp
2594,mugla,35,lise,5500,chp
2595,mardin,23,lisans,12000,zp
2596,bolu,27,ilkokul,8750,ip
2597,mersin,58,lisans,5500,akp
2598,adiyaman,70,lisans,5500,akp

